file,line,type,commit,author,date,time,timezone,datetime,depth,length
style.css,1,css,c3e6a467,mtang24,2025-01-11,13:40:45,-08:00,2025-01-11T13:40:45-08:00,0,6
style.css,2,css,c3e6a467,mtang24,2025-01-11,13:40:45,-08:00,2025-01-11T13:40:45-08:00,0,47
style.css,3,css,c3e6a467,mtang24,2025-01-11,13:40:45,-08:00,2025-01-11T13:40:45-08:00,0,0
style.css,4,css,c3e6a467,mtang24,2025-01-11,13:40:45,-08:00,2025-01-11T13:40:45-08:00,0,0
style.css,5,css,c3e6a467,mtang24,2025-01-11,13:40:45,-08:00,2025-01-11T13:40:45-08:00,0,5
style.css,6,css,c3e6a467,mtang24,2025-01-11,13:40:45,-08:00,2025-01-11T13:40:45-08:00,0,44
style.css,7,css,c3e6a467,mtang24,2025-01-11,13:40:45,-08:00,2025-01-11T13:40:45-08:00,0,43
style.css,8,css,c3e6a467,mtang24,2025-01-11,13:40:45,-08:00,2025-01-11T13:40:45-08:00,0,1
style.css,9,css,c3e6a467,mtang24,2025-01-11,13:40:45,-08:00,2025-01-11T13:40:45-08:00,0,24
style.css,10,css,c3e6a467,mtang24,2025-01-11,13:40:45,-08:00,2025-01-11T13:40:45-08:00,0,56
style.css,11,css,c3e6a467,mtang24,2025-01-11,13:40:45,-08:00,2025-01-11T13:40:45-08:00,0,42
style.css,12,css,c3e6a467,mtang24,2025-01-11,13:40:45,-08:00,2025-01-11T13:40:45-08:00,0,53
style.css,13,css,c3e6a467,mtang24,2025-01-11,13:40:45,-08:00,2025-01-11T13:40:45-08:00,0,60
style.css,14,css,c3e6a467,mtang24,2025-01-11,13:40:45,-08:00,2025-01-11T13:40:45-08:00,0,0
style.css,15,css,c3e6a467,mtang24,2025-01-11,13:40:45,-08:00,2025-01-11T13:40:45-08:00,0,0
style.css,16,css,c3e6a467,mtang24,2025-01-11,13:40:45,-08:00,2025-01-11T13:40:45-08:00,0,4
style.css,17,css,745c9f6c,mtang24,2025-01-23,16:25:39,-08:00,2025-01-23T16:25:39-08:00,0,40
style.css,18,css,745c9f6c,mtang24,2025-01-23,16:25:39,-08:00,2025-01-23T16:25:39-08:00,0,46
style.css,19,css,745c9f6c,mtang24,2025-01-23,16:25:39,-08:00,2025-01-23T16:25:39-08:00,0,0
style.css,20,css,c3e6a467,mtang24,2025-01-11,13:40:45,-08:00,2025-01-11T13:40:45-08:00,0,55
style.css,21,css,c3e6a467,mtang24,2025-01-11,13:40:45,-08:00,2025-01-11T13:40:45-08:00,0,53
style.css,22,css,745c9f6c,mtang24,2025-01-23,16:25:39,-08:00,2025-01-23T16:25:39-08:00,0,86
style.css,23,css,745c9f6c,mtang24,2025-01-23,16:25:39,-08:00,2025-01-23T16:25:39-08:00,0,88
style.css,24,css,c3e6a467,mtang24,2025-01-11,13:40:45,-08:00,2025-01-11T13:40:45-08:00,0,0
style.css,25,css,8ff1e247,mtang24,2025-01-11,16:20:32,-08:00,2025-01-11T16:20:32-08:00,0,7
style.css,26,css,8ff1e247,mtang24,2025-01-11,16:20:32,-08:00,2025-01-11T16:20:32-08:00,0,60
style.css,27,css,8ff1e247,mtang24,2025-01-11,16:20:32,-08:00,2025-01-11T16:20:32-08:00,0,0
style.css,28,css,8ff1e247,mtang24,2025-01-11,16:20:32,-08:00,2025-01-11T16:20:32-08:00,0,0
style.css,29,css,c3e6a467,mtang24,2025-01-11,13:40:45,-08:00,2025-01-11T13:40:45-08:00,0,2
style.css,30,css,c3e6a467,mtang24,2025-01-11,13:40:45,-08:00,2025-01-11T13:40:45-08:00,0,51
style.css,31,css,c3e6a467,mtang24,2025-01-11,13:40:45,-08:00,2025-01-11T13:40:45-08:00,0,64
style.css,32,css,c3e6a467,mtang24,2025-01-11,13:40:45,-08:00,2025-01-11T13:40:45-08:00,0,56
style.css,33,css,c3e6a467,mtang24,2025-01-11,13:40:45,-08:00,2025-01-11T13:40:45-08:00,0,40
style.css,34,css,c3e6a467,mtang24,2025-01-11,13:40:45,-08:00,2025-01-11T13:40:45-08:00,0,52
style.css,35,css,c3e6a467,mtang24,2025-01-11,13:40:45,-08:00,2025-01-11T13:40:45-08:00,0,0
style.css,36,css,c3e6a467,mtang24,2025-01-11,13:40:45,-08:00,2025-01-11T13:40:45-08:00,0,0
style.css,37,css,c3e6a467,mtang24,2025-01-11,13:40:45,-08:00,2025-01-11T13:40:45-08:00,0,8
style.css,38,css,c3e6a467,mtang24,2025-01-11,13:40:45,-08:00,2025-01-11T13:40:45-08:00,0,110
style.css,39,css,745c9f6c,mtang24,2025-01-23,16:25:39,-08:00,2025-01-23T16:25:39-08:00,0,70
style.css,40,css,c3e6a467,mtang24,2025-01-11,13:40:45,-08:00,2025-01-11T13:40:45-08:00,0,0
style.css,41,css,c3e6a467,mtang24,2025-01-11,13:40:45,-08:00,2025-01-11T13:40:45-08:00,0,0
style.css,42,css,c3e6a467,mtang24,2025-01-11,13:40:45,-08:00,2025-01-11T13:40:45-08:00,0,9
style.css,43,css,c3e6a467,mtang24,2025-01-11,13:40:45,-08:00,2025-01-11T13:40:45-08:00,0,42
style.css,44,css,c3e6a467,mtang24,2025-01-11,13:40:45,-08:00,2025-01-11T13:40:45-08:00,0,89
style.css,45,css,c3e6a467,mtang24,2025-01-11,13:40:45,-08:00,2025-01-11T13:40:45-08:00,0,0
style.css,46,css,c3e6a467,mtang24,2025-01-11,13:40:45,-08:00,2025-01-11T13:40:45-08:00,0,0
style.css,47,css,c3e6a467,mtang24,2025-01-11,13:40:45,-08:00,2025-01-11T13:40:45-08:00,0,0
style.css,48,css,c3e6a467,mtang24,2025-01-11,13:40:45,-08:00,2025-01-11T13:40:45-08:00,0,27
style.css,49,css,c3e6a467,mtang24,2025-01-11,13:40:45,-08:00,2025-01-11T13:40:45-08:00,0,13
style.css,50,css,c3e6a467,mtang24,2025-01-11,13:40:45,-08:00,2025-01-11T13:40:45-08:00,0,14
style.css,51,css,c3e6a467,mtang24,2025-01-11,13:40:45,-08:00,2025-01-11T13:40:45-08:00,0,11
style.css,52,css,c3e6a467,mtang24,2025-01-11,13:40:45,-08:00,2025-01-11T13:40:45-08:00,0,22
style.css,53,css,c3e6a467,mtang24,2025-01-11,13:40:45,-08:00,2025-01-11T13:40:45-08:00,0,0
style.css,54,css,c3e6a467,mtang24,2025-01-11,13:40:45,-08:00,2025-01-11T13:40:45-08:00,0,0
style.css,55,css,c3e6a467,mtang24,2025-01-11,13:40:45,-08:00,2025-01-11T13:40:45-08:00,0,6
style.css,56,css,c3e6a467,mtang24,2025-01-11,13:40:45,-08:00,2025-01-11T13:40:45-08:00,0,14
style.css,57,css,c3e6a467,mtang24,2025-01-11,13:40:45,-08:00,2025-01-11T13:40:45-08:00,0,18
style.css,58,css,c3e6a467,mtang24,2025-01-11,13:40:45,-08:00,2025-01-11T13:40:45-08:00,0,3
style.css,59,css,c3e6a467,mtang24,2025-01-11,13:40:45,-08:00,2025-01-11T13:40:45-08:00,0,0
style.css,60,css,c3e6a467,mtang24,2025-01-11,13:40:45,-08:00,2025-01-11T13:40:45-08:00,0,5
style.css,61,css,c3e6a467,mtang24,2025-01-11,13:40:45,-08:00,2025-01-11T13:40:45-08:00,0,12
style.css,62,css,c3e6a467,mtang24,2025-01-11,13:40:45,-08:00,2025-01-11T13:40:45-08:00,0,31
style.css,63,css,c3e6a467,mtang24,2025-01-11,13:40:45,-08:00,2025-01-11T13:40:45-08:00,0,8
style.css,64,css,c3e6a467,mtang24,2025-01-11,13:40:45,-08:00,2025-01-11T13:40:45-08:00,0,6
style.css,65,css,c3e6a467,mtang24,2025-01-11,13:40:45,-08:00,2025-01-11T13:40:45-08:00,0,30
style.css,66,css,c3e6a467,mtang24,2025-01-11,13:40:45,-08:00,2025-01-11T13:40:45-08:00,0,25
style.css,67,css,c3e6a467,mtang24,2025-01-11,13:40:45,-08:00,2025-01-11T13:40:45-08:00,0,0
style.css,68,css,b1efdfa0,mtang24,2025-01-11,16:32:32,-08:00,2025-01-11T16:32:32-08:00,0,9
style.css,69,css,b1efdfa0,mtang24,2025-01-11,16:32:32,-08:00,2025-01-11T16:32:32-08:00,0,13
style.css,70,css,b1efdfa0,mtang24,2025-01-11,16:32:32,-08:00,2025-01-11T16:32:32-08:00,0,0
style.css,71,css,c3e6a467,mtang24,2025-01-11,13:40:45,-08:00,2025-01-11T13:40:45-08:00,0,7
style.css,72,css,c3e6a467,mtang24,2025-01-11,13:40:45,-08:00,2025-01-11T13:40:45-08:00,0,19
style.css,73,css,c3e6a467,mtang24,2025-01-11,13:40:45,-08:00,2025-01-11T13:40:45-08:00,0,0
style.css,74,css,c3e6a467,mtang24,2025-01-11,13:40:45,-08:00,2025-01-11T13:40:45-08:00,0,0
style.css,75,css,c3e6a467,mtang24,2025-01-11,13:40:45,-08:00,2025-01-11T13:40:45-08:00,0,0
style.css,76,css,c3e6a467,mtang24,2025-01-11,13:40:45,-08:00,2025-01-11T13:40:45-08:00,0,10
style.css,77,css,c3e6a467,mtang24,2025-01-11,13:40:45,-08:00,2025-01-11T13:40:45-08:00,0,12
style.css,78,css,c3e6a467,mtang24,2025-01-11,13:40:45,-08:00,2025-01-11T13:40:45-08:00,0,59
style.css,79,css,d2a4e35b,mtang24,2025-01-16,13:47:19,-08:00,2025-01-16T13:47:19-08:00,0,8
style.css,80,css,c3e6a467,mtang24,2025-01-11,13:40:45,-08:00,2025-01-11T13:40:45-08:00,0,0
style.css,81,css,c3e6a467,mtang24,2025-01-11,13:40:45,-08:00,2025-01-11T13:40:45-08:00,0,8
style.css,82,css,c3e6a467,mtang24,2025-01-11,13:40:45,-08:00,2025-01-11T13:40:45-08:00,0,27
style.css,83,css,c3e6a467,mtang24,2025-01-11,13:40:45,-08:00,2025-01-11T13:40:45-08:00,0,16
style.css,84,css,c3e6a467,mtang24,2025-01-11,13:40:45,-08:00,2025-01-11T13:40:45-08:00,0,0
style.css,85,css,c3e6a467,mtang24,2025-01-11,13:40:45,-08:00,2025-01-11T13:40:45-08:00,0,3
style.css,86,css,c3e6a467,mtang24,2025-01-11,13:40:45,-08:00,2025-01-11T13:40:45-08:00,0,9
style.css,87,css,c3e6a467,mtang24,2025-01-11,13:40:45,-08:00,2025-01-11T13:40:45-08:00,0,0
style.css,88,css,c3e6a467,mtang24,2025-01-11,13:40:45,-08:00,2025-01-11T13:40:45-08:00,0,0
style.css,89,css,c3e6a467,mtang24,2025-01-11,13:40:45,-08:00,2025-01-11T13:40:45-08:00,0,0
style.css,90,css,c3e6a467,mtang24,2025-01-11,13:40:45,-08:00,2025-01-11T13:40:45-08:00,0,0
style.css,91,css,c3e6a467,mtang24,2025-01-11,13:40:45,-08:00,2025-01-11T13:40:45-08:00,0,3
style.css,92,css,c3e6a467,mtang24,2025-01-11,13:40:45,-08:00,2025-01-11T13:40:45-08:00,0,44
style.css,93,css,c3e6a467,mtang24,2025-01-11,13:40:45,-08:00,2025-01-11T13:40:45-08:00,0,0
style.css,94,css,c3e6a467,mtang24,2025-01-11,13:40:45,-08:00,2025-01-11T13:40:45-08:00,0,0
style.css,95,css,8ff1e247,mtang24,2025-01-11,16:20:32,-08:00,2025-01-11T16:20:32-08:00,0,3
style.css,96,css,8ff1e247,mtang24,2025-01-11,16:20:32,-08:00,2025-01-11T16:20:32-08:00,0,44
style.css,97,css,8ff1e247,mtang24,2025-01-11,16:20:32,-08:00,2025-01-11T16:20:32-08:00,0,0
style.css,98,css,8ff1e247,mtang24,2025-01-11,16:20:32,-08:00,2025-01-11T16:20:32-08:00,0,0
style.css,99,css,c3e6a467,mtang24,2025-01-11,13:40:45,-08:00,2025-01-11T13:40:45-08:00,0,23
style.css,100,css,c3e6a467,mtang24,2025-01-11,13:40:45,-08:00,2025-01-11T13:40:45-08:00,0,16
style.css,101,css,c3e6a467,mtang24,2025-01-11,13:40:45,-08:00,2025-01-11T13:40:45-08:00,0,18
style.css,102,css,c3e6a467,mtang24,2025-01-11,13:40:45,-08:00,2025-01-11T13:40:45-08:00,0,0
style.css,103,css,c3e6a467,mtang24,2025-01-11,13:40:45,-08:00,2025-01-11T13:40:45-08:00,0,0
style.css,104,css,8ff1e247,mtang24,2025-01-11,16:20:32,-08:00,2025-01-11T16:20:32-08:00,0,6
style.css,105,css,8ff1e247,mtang24,2025-01-11,16:20:32,-08:00,2025-01-11T16:20:32-08:00,0,13
style.css,106,css,8ff1e247,mtang24,2025-01-11,16:20:32,-08:00,2025-01-11T16:20:32-08:00,0,55
style.css,107,css,8ff1e247,mtang24,2025-01-11,16:20:32,-08:00,2025-01-11T16:20:32-08:00,0,51
style.css,108,css,745c9f6c,mtang24,2025-01-23,16:25:39,-08:00,2025-01-23T16:25:39-08:00,0,0
style.css,109,css,745c9f6c,mtang24,2025-01-23,16:25:39,-08:00,2025-01-23T16:25:39-08:00,0,14
style.css,110,css,745c9f6c,mtang24,2025-01-23,16:25:39,-08:00,2025-01-23T16:25:39-08:00,0,50
style.css,111,css,745c9f6c,mtang24,2025-01-23,16:25:39,-08:00,2025-01-23T16:25:39-08:00,0,14
style.css,112,css,745c9f6c,mtang24,2025-01-23,16:25:39,-08:00,2025-01-23T16:25:39-08:00,0,21
style.css,113,css,745c9f6c,mtang24,2025-01-23,16:25:39,-08:00,2025-01-23T16:25:39-08:00,0,0
style.css,114,css,745c9f6c,mtang24,2025-01-23,16:25:39,-08:00,2025-01-23T16:25:39-08:00,0,0
style.css,115,css,745c9f6c,mtang24,2025-01-23,16:25:39,-08:00,2025-01-23T16:25:39-08:00,0,20
style.css,116,css,745c9f6c,mtang24,2025-01-23,16:25:39,-08:00,2025-01-23T16:25:39-08:00,0,14
style.css,117,css,745c9f6c,mtang24,2025-01-23,16:25:39,-08:00,2025-01-23T16:25:39-08:00,0,26
style.css,118,css,745c9f6c,mtang24,2025-01-23,16:25:39,-08:00,2025-01-23T16:25:39-08:00,0,0
style.css,119,css,8ff1e247,mtang24,2025-01-11,16:20:32,-08:00,2025-01-11T16:20:32-08:00,0,0
style.css,120,css,8ff1e247,mtang24,2025-01-11,16:20:32,-08:00,2025-01-11T16:20:32-08:00,0,0
style.css,121,css,745c9f6c,mtang24,2025-01-23,16:25:39,-08:00,2025-01-23T16:25:39-08:00,0,6
style.css,122,css,8ff1e247,mtang24,2025-01-11,16:20:32,-08:00,2025-01-11T16:20:32-08:00,0,50
style.css,123,css,8ff1e247,mtang24,2025-01-11,16:20:32,-08:00,2025-01-11T16:20:32-08:00,0,0
style.css,124,css,a93e4e1e,mtang24,2025-01-16,11:50:34,-08:00,2025-01-16T11:50:34-08:00,0,0
style.css,125,css,a93e4e1e,mtang24,2025-01-16,11:50:34,-08:00,2025-01-16T11:50:34-08:00,0,8
style.css,126,css,a93e4e1e,mtang24,2025-01-16,11:50:34,-08:00,2025-01-16T11:50:34-08:00,0,36
style.css,127,css,a93e4e1e,mtang24,2025-01-16,11:50:34,-08:00,2025-01-16T11:50:34-08:00,0,16
style.css,128,css,a93e4e1e,mtang24,2025-01-16,11:50:34,-08:00,2025-01-16T11:50:34-08:00,0,0
style.css,129,css,a93e4e1e,mtang24,2025-01-16,11:50:34,-08:00,2025-01-16T11:50:34-08:00,0,2
style.css,130,css,a93e4e1e,mtang24,2025-01-16,11:50:34,-08:00,2025-01-16T11:50:34-08:00,0,2
style.css,131,css,a93e4e1e,mtang24,2025-01-16,11:50:34,-08:00,2025-01-16T11:50:34-08:00,0,65
style.css,132,css,a93e4e1e,mtang24,2025-01-16,11:50:34,-08:00,2025-01-16T11:50:34-08:00,0,59
style.css,133,css,a93e4e1e,mtang24,2025-01-16,11:50:34,-08:00,2025-01-16T11:50:34-08:00,0,0
style.css,134,css,a93e4e1e,mtang24,2025-01-16,11:50:34,-08:00,2025-01-16T11:50:34-08:00,0,0
style.css,135,css,a93e4e1e,mtang24,2025-01-16,11:50:34,-08:00,2025-01-16T11:50:34-08:00,0,15
style.css,136,css,745c9f6c,mtang24,2025-01-23,16:25:39,-08:00,2025-01-23T16:25:39-08:00,0,14
style.css,137,css,745c9f6c,mtang24,2025-01-23,16:25:39,-08:00,2025-01-23T16:25:39-08:00,0,21
style.css,138,css,a93e4e1e,mtang24,2025-01-16,11:50:34,-08:00,2025-01-16T11:50:34-08:00,0,0
style.css,139,css,745c9f6c,mtang24,2025-01-23,16:25:39,-08:00,2025-01-23T16:25:39-08:00,0,0
style.css,140,css,745c9f6c,mtang24,2025-01-23,16:25:39,-08:00,2025-01-23T16:25:39-08:00,0,21
style.css,141,css,745c9f6c,mtang24,2025-01-23,16:25:39,-08:00,2025-01-23T16:25:39-08:00,0,26
style.css,142,css,745c9f6c,mtang24,2025-01-23,16:25:39,-08:00,2025-01-23T16:25:39-08:00,0,0
style.css,143,css,745c9f6c,mtang24,2025-01-23,16:25:39,-08:00,2025-01-23T16:25:39-08:00,0,0
style.css,144,css,745c9f6c,mtang24,2025-01-23,16:25:39,-08:00,2025-01-23T16:25:39-08:00,0,0
style.css,145,css,745c9f6c,mtang24,2025-01-23,16:25:39,-08:00,2025-01-23T16:25:39-08:00,0,5
style.css,146,css,745c9f6c,mtang24,2025-01-23,16:25:39,-08:00,2025-01-23T16:25:39-08:00,0,24
style.css,147,css,745c9f6c,mtang24,2025-01-23,16:25:39,-08:00,2025-01-23T16:25:39-08:00,0,0
style.css,148,css,745c9f6c,mtang24,2025-01-23,16:25:39,-08:00,2025-01-23T16:25:39-08:00,0,0
style.css,149,css,745c9f6c,mtang24,2025-01-23,16:25:39,-08:00,2025-01-23T16:25:39-08:00,0,14
style.css,150,css,745c9f6c,mtang24,2025-01-23,16:25:39,-08:00,2025-01-23T16:25:39-08:00,0,18
style.css,151,css,745c9f6c,mtang24,2025-01-23,16:25:39,-08:00,2025-01-23T16:25:39-08:00,0,9
style.css,152,css,745c9f6c,mtang24,2025-01-23,16:25:39,-08:00,2025-01-23T16:25:39-08:00,0,11
style.css,153,css,745c9f6c,mtang24,2025-01-23,16:25:39,-08:00,2025-01-23T16:25:39-08:00,0,2
style.css,154,css,745c9f6c,mtang24,2025-01-23,16:25:39,-08:00,2025-01-23T16:25:39-08:00,0,69
style.css,155,css,745c9f6c,mtang24,2025-01-23,16:25:39,-08:00,2025-01-23T16:25:39-08:00,0,0
style.css,156,css,745c9f6c,mtang24,2025-01-23,16:25:39,-08:00,2025-01-23T16:25:39-08:00,0,0
style.css,157,css,745c9f6c,mtang24,2025-01-23,16:25:39,-08:00,2025-01-23T16:25:39-08:00,0,0
style.css,158,css,745c9f6c,mtang24,2025-01-23,16:25:39,-08:00,2025-01-23T16:25:39-08:00,0,7
style.css,159,css,745c9f6c,mtang24,2025-01-23,16:25:39,-08:00,2025-01-23T16:25:39-08:00,0,13
style.css,160,css,745c9f6c,mtang24,2025-01-23,16:25:39,-08:00,2025-01-23T16:25:39-08:00,0,21
style.css,161,css,745c9f6c,mtang24,2025-01-23,16:25:39,-08:00,2025-01-23T16:25:39-08:00,0,11
style.css,162,css,745c9f6c,mtang24,2025-01-23,16:25:39,-08:00,2025-01-23T16:25:39-08:00,0,22
style.css,163,css,745c9f6c,mtang24,2025-01-23,16:25:39,-08:00,2025-01-23T16:25:39-08:00,0,14
style.css,164,css,26636931,mtang24,2025-01-30,08:47:32,-08:00,2025-01-30T08:47:32-08:00,0,0
style.css,165,css,26636931,mtang24,2025-01-30,08:47:32,-08:00,2025-01-30T08:47:32-08:00,0,0
style.css,166,css,26636931,mtang24,2025-01-30,08:47:32,-08:00,2025-01-30T08:47:32-08:00,0,18
style.css,167,css,26636931,mtang24,2025-01-30,08:47:32,-08:00,2025-01-30T08:47:32-08:00,0,13
style.css,168,css,26636931,mtang24,2025-01-30,08:47:32,-08:00,2025-01-30T08:47:32-08:00,0,60
style.css,169,css,26636931,mtang24,2025-01-30,08:47:32,-08:00,2025-01-30T08:47:32-08:00,0,53
style.css,170,css,26636931,mtang24,2025-01-30,08:47:32,-08:00,2025-01-30T08:47:32-08:00,0,76
style.css,171,css,26636931,mtang24,2025-01-30,08:47:32,-08:00,2025-01-30T08:47:32-08:00,0,0
style.css,172,css,26636931,mtang24,2025-01-30,08:47:32,-08:00,2025-01-30T08:47:32-08:00,0,0
style.css,173,css,26636931,mtang24,2025-01-30,08:47:32,-08:00,2025-01-30T08:47:32-08:00,0,18
style.css,174,css,26636931,mtang24,2025-01-30,08:47:32,-08:00,2025-01-30T08:47:32-08:00,0,42
style.css,175,css,26636931,mtang24,2025-01-30,08:47:32,-08:00,2025-01-30T08:47:32-08:00,0,53
style.css,176,css,26636931,mtang24,2025-01-30,08:47:32,-08:00,2025-01-30T08:47:32-08:00,0,0
style.css,177,css,26636931,mtang24,2025-01-30,08:47:32,-08:00,2025-01-30T08:47:32-08:00,0,0
style.css,178,css,26636931,mtang24,2025-01-30,08:47:32,-08:00,2025-01-30T08:47:32-08:00,0,18
style.css,179,css,26636931,mtang24,2025-01-30,08:47:32,-08:00,2025-01-30T08:47:32-08:00,0,54
style.css,180,css,1041d07b,mtang24,2025-02-07,10:27:42,-08:00,2025-02-07T10:27:42-08:00,0,0
style.css,181,css,1041d07b,mtang24,2025-02-07,10:27:42,-08:00,2025-02-07T10:27:42-08:00,0,0
style.css,182,css,1041d07b,mtang24,2025-02-07,10:27:42,-08:00,2025-02-07T10:27:42-08:00,0,15
style.css,183,css,22a53c35,mtang24,2025-02-07,18:00:42,-08:00,2025-02-07T18:00:42-08:00,0,15
style.css,184,css,1041d07b,mtang24,2025-02-07,10:27:42,-08:00,2025-02-07T10:27:42-08:00,0,17
style.css,185,css,1041d07b,mtang24,2025-02-07,10:27:42,-08:00,2025-02-07T10:27:42-08:00,0,0
style.css,186,css,1041d07b,mtang24,2025-02-07,10:27:42,-08:00,2025-02-07T10:27:42-08:00,0,43
style.css,187,css,1041d07b,mtang24,2025-02-07,10:27:42,-08:00,2025-02-07T10:27:42-08:00,0,17
style.css,188,css,1041d07b,mtang24,2025-02-07,10:27:42,-08:00,2025-02-07T10:27:42-08:00,0,0
style.css,189,css,1041d07b,mtang24,2025-02-07,10:27:42,-08:00,2025-02-07T10:27:42-08:00,0,0
style.css,190,css,1041d07b,mtang24,2025-02-07,10:27:42,-08:00,2025-02-07T10:27:42-08:00,0,8
style.css,191,css,1041d07b,mtang24,2025-02-07,10:27:42,-08:00,2025-02-07T10:27:42-08:00,0,13
style.css,192,css,1041d07b,mtang24,2025-02-07,10:27:42,-08:00,2025-02-07T10:27:42-08:00,0,7
style.css,193,css,1041d07b,mtang24,2025-02-07,10:27:42,-08:00,2025-02-07T10:27:42-08:00,0,8
style.css,194,css,1041d07b,mtang24,2025-02-07,10:27:42,-08:00,2025-02-07T10:27:42-08:00,0,59
style.css,195,css,1041d07b,mtang24,2025-02-07,10:27:42,-08:00,2025-02-07T10:27:42-08:00,0,48
style.css,196,css,1041d07b,mtang24,2025-02-07,10:27:42,-08:00,2025-02-07T10:27:42-08:00,0,48
style.css,197,css,1041d07b,mtang24,2025-02-07,10:27:42,-08:00,2025-02-07T10:27:42-08:00,0,18
style.css,198,css,1041d07b,mtang24,2025-02-07,10:27:42,-08:00,2025-02-07T10:27:42-08:00,0,72
style.css,199,css,1041d07b,mtang24,2025-02-07,10:27:42,-08:00,2025-02-07T10:27:42-08:00,0,58
style.css,200,css,1041d07b,mtang24,2025-02-07,10:27:42,-08:00,2025-02-07T10:27:42-08:00,0,0
style.css,201,css,cba395ee,mtang24,2025-02-07,14:18:38,-08:00,2025-02-07T14:18:38-08:00,0,0
style.css,202,css,1041d07b,mtang24,2025-02-07,10:27:42,-08:00,2025-02-07T10:27:42-08:00,0,16
style.css,203,css,1041d07b,mtang24,2025-02-07,10:27:42,-08:00,2025-02-07T10:27:42-08:00,0,19
style.css,204,css,1041d07b,mtang24,2025-02-07,10:27:42,-08:00,2025-02-07T10:27:42-08:00,0,30
style.css,205,css,1041d07b,mtang24,2025-02-07,10:27:42,-08:00,2025-02-07T10:27:42-08:00,0,18
style.css,206,css,1041d07b,mtang24,2025-02-07,10:27:42,-08:00,2025-02-07T10:27:42-08:00,0,21
style.css,207,css,1041d07b,mtang24,2025-02-07,10:27:42,-08:00,2025-02-07T10:27:42-08:00,0,11
style.css,208,css,1041d07b,mtang24,2025-02-07,10:27:42,-08:00,2025-02-07T10:27:42-08:00,0,12
style.css,209,css,1041d07b,mtang24,2025-02-07,10:27:42,-08:00,2025-02-07T10:27:42-08:00,0,8
style.css,210,css,1041d07b,mtang24,2025-02-07,10:27:42,-08:00,2025-02-07T10:27:42-08:00,0,19
style.css,211,css,1041d07b,mtang24,2025-02-07,10:27:42,-08:00,2025-02-07T10:27:42-08:00,0,0
style.css,212,css,1041d07b,mtang24,2025-02-07,10:27:42,-08:00,2025-02-07T10:27:42-08:00,0,0
style.css,213,css,1041d07b,mtang24,2025-02-07,10:27:42,-08:00,2025-02-07T10:27:42-08:00,0,11
style.css,214,css,1041d07b,mtang24,2025-02-07,10:27:42,-08:00,2025-02-07T10:27:42-08:00,0,13
style.css,215,css,1041d07b,mtang24,2025-02-07,10:27:42,-08:00,2025-02-07T10:27:42-08:00,0,10
style.css,216,css,1041d07b,mtang24,2025-02-07,10:27:42,-08:00,2025-02-07T10:27:42-08:00,0,0
style.css,217,css,1041d07b,mtang24,2025-02-07,10:27:42,-08:00,2025-02-07T10:27:42-08:00,0,3
style.css,218,css,1041d07b,mtang24,2025-02-07,10:27:42,-08:00,2025-02-07T10:27:42-08:00,0,48
style.css,219,css,1041d07b,mtang24,2025-02-07,10:27:42,-08:00,2025-02-07T10:27:42-08:00,0,45
style.css,220,css,1041d07b,mtang24,2025-02-07,10:27:42,-08:00,2025-02-07T10:27:42-08:00,0,0
style.css,221,css,1041d07b,mtang24,2025-02-07,10:27:42,-08:00,2025-02-07T10:27:42-08:00,0,0
style.css,222,css,1041d07b,mtang24,2025-02-07,10:27:42,-08:00,2025-02-07T10:27:42-08:00,0,0
style.css,223,css,1041d07b,mtang24,2025-02-07,10:27:42,-08:00,2025-02-07T10:27:42-08:00,0,11
style.css,224,css,1041d07b,mtang24,2025-02-07,10:27:42,-08:00,2025-02-07T10:27:42-08:00,0,13
style.css,225,css,1041d07b,mtang24,2025-02-07,10:27:42,-08:00,2025-02-07T10:27:42-08:00,0,19
style.css,226,css,1041d07b,mtang24,2025-02-07,10:27:42,-08:00,2025-02-07T10:27:42-08:00,0,10
style.css,227,css,1041d07b,mtang24,2025-02-07,10:27:42,-08:00,2025-02-07T10:27:42-08:00,0,0
style.css,228,css,cba395ee,mtang24,2025-02-07,14:18:38,-08:00,2025-02-07T14:18:38-08:00,0,0
style.css,229,css,cba395ee,mtang24,2025-02-07,14:18:38,-08:00,2025-02-07T14:18:38-08:00,0,8
style.css,230,css,cba395ee,mtang24,2025-02-07,14:18:38,-08:00,2025-02-07T14:18:38-08:00,0,13
style.css,231,css,22a53c35,mtang24,2025-02-07,18:00:42,-08:00,2025-02-07T18:00:42-08:00,0,0
style.css,232,css,22a53c35,mtang24,2025-02-07,18:00:42,-08:00,2025-02-07T18:00:42-08:00,0,0
style.css,233,css,22a53c35,mtang24,2025-02-07,18:00:42,-08:00,2025-02-07T18:00:42-08:00,0,18
style.css,234,css,22a53c35,mtang24,2025-02-07,18:00:42,-08:00,2025-02-07T18:00:42-08:00,0,17
style.css,235,css,22a53c35,mtang24,2025-02-07,18:00:42,-08:00,2025-02-07T18:00:42-08:00,0,12
style.css,236,css,22a53c35,mtang24,2025-02-07,18:00:42,-08:00,2025-02-07T18:00:42-08:00,0,0
style.css,237,css,22a53c35,mtang24,2025-02-07,18:00:42,-08:00,2025-02-07T18:00:42-08:00,0,0
style.css,238,css,22a53c35,mtang24,2025-02-07,18:00:42,-08:00,2025-02-07T18:00:42-08:00,0,0
style.css,239,css,22a53c35,mtang24,2025-02-07,18:00:42,-08:00,2025-02-07T18:00:42-08:00,0,5
style.css,240,css,22a53c35,mtang24,2025-02-07,18:00:42,-08:00,2025-02-07T18:00:42-08:00,0,17
style.css,241,css,22a53c35,mtang24,2025-02-07,18:00:42,-08:00,2025-02-07T18:00:42-08:00,0,0
style.css,242,css,22a53c35,mtang24,2025-02-07,18:00:42,-08:00,2025-02-07T18:00:42-08:00,0,0
style.css,243,css,22a53c35,mtang24,2025-02-07,18:00:42,-08:00,2025-02-07T18:00:42-08:00,0,10
style.css,244,css,22a53c35,mtang24,2025-02-07,18:00:42,-08:00,2025-02-07T18:00:42-08:00,0,27
style.css,245,css,22a53c35,mtang24,2025-02-07,18:00:42,-08:00,2025-02-07T18:00:42-08:00,0,0
style.css,246,css,22a53c35,mtang24,2025-02-07,18:00:42,-08:00,2025-02-07T18:00:42-08:00,0,11
style.css,247,css,22a53c35,mtang24,2025-02-07,18:00:42,-08:00,2025-02-07T18:00:42-08:00,0,18
style.css,248,css,22a53c35,mtang24,2025-02-07,18:00:42,-08:00,2025-02-07T18:00:42-08:00,0,0
style.css,249,css,22a53c35,mtang24,2025-02-07,18:00:42,-08:00,2025-02-07T18:00:42-08:00,0,0
style.css,250,css,22a53c35,mtang24,2025-02-07,18:00:42,-08:00,2025-02-07T18:00:42-08:00,0,0
style.css,251,css,22a53c35,mtang24,2025-02-07,18:00:42,-08:00,2025-02-07T18:00:42-08:00,0,5
style.css,252,css,22a53c35,mtang24,2025-02-07,18:00:42,-08:00,2025-02-07T18:00:42-08:00,0,15
style.css,253,css,cba395ee,mtang24,2025-02-07,14:18:38,-08:00,2025-02-07T14:18:38-08:00,0,0
index.js,1,js,67ca080d,mtang24,2025-01-30,11:46:28,-08:00,2025-01-30T11:46:28-08:00,0,72
index.js,2,js,67ca080d,mtang24,2025-01-30,11:46:28,-08:00,2025-01-30T11:46:28-08:00,0,55
index.js,3,js,26636931,mtang24,2025-01-30,08:47:32,-08:00,2025-01-30T08:47:32-08:00,0,43
index.js,4,js,26636931,mtang24,2025-01-30,08:47:32,-08:00,2025-01-30T08:47:32-08:00,0,0
index.js,5,js,26636931,mtang24,2025-01-30,08:47:32,-08:00,2025-01-30T08:47:32-08:00,0,61
index.js,6,js,26636931,mtang24,2025-01-30,08:47:32,-08:00,2025-01-30T08:47:32-08:00,0,0
index.js,7,js,26636931,mtang24,2025-01-30,08:47:32,-08:00,2025-01-30T08:47:32-08:00,0,55
index.js,8,js,26636931,mtang24,2025-01-30,08:47:32,-08:00,2025-01-30T08:47:32-08:00,0,0
index.js,9,js,26636931,mtang24,2025-01-30,08:47:32,-08:00,2025-01-30T08:47:32-08:00,0,51
index.js,10,js,26636931,mtang24,2025-01-30,08:47:32,-08:00,2025-01-30T08:47:32-08:00,0,61
index.js,11,js,26636931,mtang24,2025-01-30,08:47:32,-08:00,2025-01-30T08:47:32-08:00,0,18
index.js,12,js,26636931,mtang24,2025-01-30,08:47:32,-08:00,2025-01-30T08:47:32-08:00,0,25
index.js,13,js,26636931,mtang24,2025-01-30,08:47:32,-08:00,2025-01-30T08:47:32-08:00,0,3
index.js,14,js,26636931,mtang24,2025-01-30,08:47:32,-08:00,2025-01-30T08:47:32-08:00,0,55
index.js,15,js,26636931,mtang24,2025-01-30,08:47:32,-08:00,2025-01-30T08:47:32-08:00,0,55
index.js,16,js,26636931,mtang24,2025-01-30,08:47:32,-08:00,2025-01-30T08:47:32-08:00,0,49
index.js,17,js,26636931,mtang24,2025-01-30,08:47:32,-08:00,2025-01-30T08:47:32-08:00,0,49
index.js,18,js,26636931,mtang24,2025-01-30,08:47:32,-08:00,2025-01-30T08:47:32-08:00,0,4
index.js,19,js,26636931,mtang24,2025-01-30,08:47:32,-08:00,2025-01-30T08:47:32-08:00,0,1
index.js,20,js,26636931,mtang24,2025-01-30,08:47:32,-08:00,2025-01-30T08:47:32-08:00,0,0
index.js,21,js,26636931,mtang24,2025-01-30,08:47:32,-08:00,2025-01-30T08:47:32-08:00,0,0
index.js,22,js,26636931,mtang24,2025-01-30,08:47:32,-08:00,2025-01-30T08:47:32-08:00,0,0
index.js,23,js,26636931,mtang24,2025-01-30,08:47:32,-08:00,2025-01-30T08:47:32-08:00,0,0
index.html,1,html,75b6e7f9,mtang24,2025-01-08,15:52:22,-08:00,2025-01-08T15:52:22-08:00,0,14
index.html,2,html,734035e3,mtang24,2025-01-24,10:46:03,-08:00,2025-01-24T10:46:03-08:00,0,28
index.html,3,html,75b6e7f9,mtang24,2025-01-08,15:52:22,-08:00,2025-01-08T15:52:22-08:00,0,5
index.html,4,html,75b6e7f9,mtang24,2025-01-08,15:52:22,-08:00,2025-01-08T15:52:22-08:00,0,21
index.html,5,html,75b6e7f9,mtang24,2025-01-08,15:52:22,-08:00,2025-01-08T15:52:22-08:00,0,69
index.html,6,html,75b6e7f9,mtang24,2025-01-08,15:52:22,-08:00,2025-01-08T15:52:22-08:00,0,55
index.html,7,html,fc4e918c,mtang24,2025-01-08,16:20:20,-08:00,2025-01-08T16:20:20-08:00,0,39
index.html,8,html,745c9f6c,mtang24,2025-01-23,16:25:39,-08:00,2025-01-23T16:25:39-08:00,0,103
index.html,9,html,62ffb30c,mtang24,2025-01-08,17:17:31,-08:00,2025-01-08T17:17:31-08:00,0,6
index.html,10,html,75b6e7f9,mtang24,2025-01-08,15:52:22,-08:00,2025-01-08T15:52:22-08:00,0,5
index.html,11,html,44b3685c,mtang24,2025-01-09,10:35:34,-08:00,2025-01-09T10:35:34-08:00,0,20
index.html,12,html,d2a4e35b,mtang24,2025-01-16,13:47:19,-08:00,2025-01-16T13:47:19-08:00,0,124
index.html,13,html,26636931,mtang24,2025-01-30,08:47:32,-08:00,2025-01-30T08:47:32-08:00,0,64
index.html,14,html,26636931,mtang24,2025-01-30,08:47:32,-08:00,2025-01-30T08:47:32-08:00,0,0
index.html,15,html,26636931,mtang24,2025-01-30,08:47:32,-08:00,2025-01-30T08:47:32-08:00,0,23
index.html,16,html,26636931,mtang24,2025-01-30,08:47:32,-08:00,2025-01-30T08:47:32-08:00,0,21
index.html,17,html,26636931,mtang24,2025-01-30,08:47:32,-08:00,2025-01-30T08:47:32-08:00,0,50
index.html,18,html,26636931,mtang24,2025-01-30,08:47:32,-08:00,2025-01-30T08:47:32-08:00,0,5
index.html,19,html,26636931,mtang24,2025-01-30,08:47:32,-08:00,2025-01-30T08:47:32-08:00,0,0
index.html,20,html,26636931,mtang24,2025-01-30,08:47:32,-08:00,2025-01-30T08:47:32-08:00,0,20
index.html,21,html,26636931,mtang24,2025-01-30,08:47:32,-08:00,2025-01-30T08:47:32-08:00,0,29
index.html,22,html,745c9f6c,mtang24,2025-01-23,16:25:39,-08:00,2025-01-23T16:25:39-08:00,0,0
index.html,23,html,fad7ced2,mtang24,2025-01-23,16:40:14,-08:00,2025-01-23T16:40:14-08:00,0,46
index.html,24,html,26636931,mtang24,2025-01-30,08:47:32,-08:00,2025-01-30T08:47:32-08:00,0,51
index.html,25,html,75b6e7f9,mtang24,2025-01-08,15:52:22,-08:00,2025-01-08T15:52:22-08:00,0,6
index.html,26,html,75b6e7f9,mtang24,2025-01-08,15:52:22,-08:00,2025-01-08T15:52:22-08:00,0,6
global.js,1,js,745c9f6c,mtang24,2025-01-23,16:25:39,-08:00,2025-01-23T16:25:39-08:00,0,26
global.js,2,js,745c9f6c,mtang24,2025-01-23,16:25:39,-08:00,2025-01-23T16:25:39-08:00,0,0
global.js,3,js,745c9f6c,mtang24,2025-01-23,16:25:39,-08:00,2025-01-23T16:25:39-08:00,0,42
global.js,4,js,745c9f6c,mtang24,2025-01-23,16:25:39,-08:00,2025-01-23T16:25:39-08:00,0,53
global.js,5,js,745c9f6c,mtang24,2025-01-23,16:25:39,-08:00,2025-01-23T16:25:39-08:00,0,0
global.js,6,js,745c9f6c,mtang24,2025-01-23,16:25:39,-08:00,2025-01-23T16:25:39-08:00,0,0
global.js,7,js,745c9f6c,mtang24,2025-01-23,16:25:39,-08:00,2025-01-23T16:25:39-08:00,0,12
global.js,8,js,fad7ced2,mtang24,2025-01-23,16:40:14,-08:00,2025-01-23T16:40:14-08:00,0,26
global.js,9,js,fad7ced2,mtang24,2025-01-23,16:40:14,-08:00,2025-01-23T16:40:14-08:00,0,39
global.js,10,js,745c9f6c,mtang24,2025-01-23,16:25:39,-08:00,2025-01-23T16:25:39-08:00,0,33
global.js,11,js,fad7ced2,mtang24,2025-01-23,16:40:14,-08:00,2025-01-23T16:40:14-08:00,0,35
global.js,12,js,fad7ced2,mtang24,2025-01-23,16:40:14,-08:00,2025-01-23T16:40:14-08:00,0,37
global.js,13,js,00000000,Not Committed Yet,2025-02-11,11:44:28,-08:00,2025-02-11T11:44:28-08:00,0,31
global.js,14,js,745c9f6c,mtang24,2025-01-23,16:25:39,-08:00,2025-01-23T16:25:39-08:00,0,54
global.js,15,js,745c9f6c,mtang24,2025-01-23,16:25:39,-08:00,2025-01-23T16:25:39-08:00,0,1
global.js,16,js,745c9f6c,mtang24,2025-01-23,16:25:39,-08:00,2025-01-23T16:25:39-08:00,0,0
global.js,17,js,745c9f6c,mtang24,2025-01-23,16:25:39,-08:00,2025-01-23T16:25:39-08:00,0,39
global.js,18,js,745c9f6c,mtang24,2025-01-23,16:25:39,-08:00,2025-01-23T16:25:39-08:00,0,26
global.js,19,js,745c9f6c,mtang24,2025-01-23,16:25:39,-08:00,2025-01-23T16:25:39-08:00,0,0
global.js,20,js,745c9f6c,mtang24,2025-01-23,16:25:39,-08:00,2025-01-23T16:25:39-08:00,0,21
global.js,21,js,745c9f6c,mtang24,2025-01-23,16:25:39,-08:00,2025-01-23T16:25:39-08:00,0,15
global.js,22,js,745c9f6c,mtang24,2025-01-23,16:25:39,-08:00,2025-01-23T16:25:39-08:00,0,19
global.js,23,js,745c9f6c,mtang24,2025-01-23,16:25:39,-08:00,2025-01-23T16:25:39-08:00,0,0
global.js,24,js,745c9f6c,mtang24,2025-01-23,16:25:39,-08:00,2025-01-23T16:25:39-08:00,0,71
global.js,25,js,745c9f6c,mtang24,2025-01-23,16:25:39,-08:00,2025-01-23T16:25:39-08:00,0,45
global.js,26,js,734035e3,mtang24,2025-01-24,10:46:03,-08:00,2025-01-24T10:46:03-08:00,0,17
global.js,27,js,745c9f6c,mtang24,2025-01-23,16:25:39,-08:00,2025-01-23T16:25:39-08:00,0,0
global.js,28,js,745c9f6c,mtang24,2025-01-23,16:25:39,-08:00,2025-01-23T16:25:39-08:00,0,0
global.js,29,js,745c9f6c,mtang24,2025-01-23,16:25:39,-08:00,2025-01-23T16:25:39-08:00,0,31
global.js,30,js,745c9f6c,mtang24,2025-01-23,16:25:39,-08:00,2025-01-23T16:25:39-08:00,0,35
global.js,31,js,745c9f6c,mtang24,2025-01-23,16:25:39,-08:00,2025-01-23T16:25:39-08:00,0,12
global.js,32,js,745c9f6c,mtang24,2025-01-23,16:25:39,-08:00,2025-01-23T16:25:39-08:00,0,21
global.js,33,js,745c9f6c,mtang24,2025-01-23,16:25:39,-08:00,2025-01-23T16:25:39-08:00,0,13
global.js,34,js,745c9f6c,mtang24,2025-01-23,16:25:39,-08:00,2025-01-23T16:25:39-08:00,0,0
global.js,35,js,745c9f6c,mtang24,2025-01-23,16:25:39,-08:00,2025-01-23T16:25:39-08:00,0,66
global.js,36,js,745c9f6c,mtang24,2025-01-23,16:25:39,-08:00,2025-01-23T16:25:39-08:00,0,26
global.js,37,js,745c9f6c,mtang24,2025-01-23,16:25:39,-08:00,2025-01-23T16:25:39-08:00,0,0
global.js,38,js,745c9f6c,mtang24,2025-01-23,16:25:39,-08:00,2025-01-23T16:25:39-08:00,0,0
global.js,39,js,745c9f6c,mtang24,2025-01-23,16:25:39,-08:00,2025-01-23T16:25:39-08:00,0,29
global.js,40,js,745c9f6c,mtang24,2025-01-23,16:25:39,-08:00,2025-01-23T16:25:39-08:00,0,19
global.js,41,js,745c9f6c,mtang24,2025-01-23,16:25:39,-08:00,2025-01-23T16:25:39-08:00,0,0
global.js,42,js,745c9f6c,mtang24,2025-01-23,16:25:39,-08:00,2025-01-23T16:25:39-08:00,0,0
global.js,43,js,745c9f6c,mtang24,2025-01-23,16:25:39,-08:00,2025-01-23T16:25:39-08:00,0,0
global.js,44,js,745c9f6c,mtang24,2025-01-23,16:25:39,-08:00,2025-01-23T16:25:39-08:00,0,32
global.js,45,js,745c9f6c,mtang24,2025-01-23,16:25:39,-08:00,2025-01-23T16:25:39-08:00,0,12
global.js,46,js,745c9f6c,mtang24,2025-01-23,16:25:39,-08:00,2025-01-23T16:25:39-08:00,0,0
global.js,47,js,745c9f6c,mtang24,2025-01-23,16:25:39,-08:00,2025-01-23T16:25:39-08:00,1,27
global.js,48,js,745c9f6c,mtang24,2025-01-23,16:25:39,-08:00,2025-01-23T16:25:39-08:00,0,66
global.js,49,js,745c9f6c,mtang24,2025-01-23,16:25:39,-08:00,2025-01-23T16:25:39-08:00,2,7
global.js,50,js,745c9f6c,mtang24,2025-01-23,16:25:39,-08:00,2025-01-23T16:25:39-08:00,3,39
global.js,51,js,745c9f6c,mtang24,2025-01-23,16:25:39,-08:00,2025-01-23T16:25:39-08:00,0,44
global.js,52,js,745c9f6c,mtang24,2025-01-23,16:25:39,-08:00,2025-01-23T16:25:39-08:00,0,35
global.js,53,js,745c9f6c,mtang24,2025-01-23,16:25:39,-08:00,2025-01-23T16:25:39-08:00,0,33
global.js,54,js,745c9f6c,mtang24,2025-01-23,16:25:39,-08:00,2025-01-23T16:25:39-08:00,2,8
global.js,55,js,745c9f6c,mtang24,2025-01-23,16:25:39,-08:00,2025-01-23T16:25:39-08:00,1,8
global.js,56,js,745c9f6c,mtang24,2025-01-23,16:25:39,-08:00,2025-01-23T16:25:39-08:00,0,1
global.js,57,js,745c9f6c,mtang24,2025-01-23,16:25:39,-08:00,2025-01-23T16:25:39-08:00,0,0
global.js,58,js,745c9f6c,mtang24,2025-01-23,16:25:39,-08:00,2025-01-23T16:25:39-08:00,0,47
global.js,59,js,745c9f6c,mtang24,2025-01-23,16:25:39,-08:00,2025-01-23T16:25:39-08:00,0,0
global.js,60,js,745c9f6c,mtang24,2025-01-23,16:25:39,-08:00,2025-01-23T16:25:39-08:00,0,30
global.js,61,js,745c9f6c,mtang24,2025-01-23,16:25:39,-08:00,2025-01-23T16:25:39-08:00,0,84
global.js,62,js,745c9f6c,mtang24,2025-01-23,16:25:39,-08:00,2025-01-23T16:25:39-08:00,0,66
global.js,63,js,745c9f6c,mtang24,2025-01-23,16:25:39,-08:00,2025-01-23T16:25:39-08:00,0,0
global.js,64,js,745c9f6c,mtang24,2025-01-23,16:25:39,-08:00,2025-01-23T16:25:39-08:00,0,0
global.js,65,js,745c9f6c,mtang24,2025-01-23,16:25:39,-08:00,2025-01-23T16:25:39-08:00,0,50
global.js,66,js,745c9f6c,mtang24,2025-01-23,16:25:39,-08:00,2025-01-23T16:25:39-08:00,0,58
global.js,67,js,745c9f6c,mtang24,2025-01-23,16:25:39,-08:00,2025-01-23T16:25:39-08:00,0,78
global.js,68,js,745c9f6c,mtang24,2025-01-23,16:25:39,-08:00,2025-01-23T16:25:39-08:00,0,45
global.js,69,js,745c9f6c,mtang24,2025-01-23,16:25:39,-08:00,2025-01-23T16:25:39-08:00,0,2
global.js,70,js,745c9f6c,mtang24,2025-01-23,16:25:39,-08:00,2025-01-23T16:25:39-08:00,0,0
global.js,71,js,745c9f6c,mtang24,2025-01-23,16:25:39,-08:00,2025-01-23T16:25:39-08:00,0,8
global.js,72,js,745c9f6c,mtang24,2025-01-23,16:25:39,-08:00,2025-01-23T16:25:39-08:00,0,46
global.js,73,js,745c9f6c,mtang24,2025-01-23,16:25:39,-08:00,2025-01-23T16:25:39-08:00,0,29
global.js,74,js,745c9f6c,mtang24,2025-01-23,16:25:39,-08:00,2025-01-23T16:25:39-08:00,0,0
global.js,75,js,745c9f6c,mtang24,2025-01-23,16:25:39,-08:00,2025-01-23T16:25:39-08:00,0,34
global.js,76,js,745c9f6c,mtang24,2025-01-23,16:25:39,-08:00,2025-01-23T16:25:39-08:00,0,71
global.js,77,js,745c9f6c,mtang24,2025-01-23,16:25:39,-08:00,2025-01-23T16:25:39-08:00,0,4
global.js,78,js,745c9f6c,mtang24,2025-01-23,16:25:39,-08:00,2025-01-23T16:25:39-08:00,0,0
global.js,79,js,745c9f6c,mtang24,2025-01-23,16:25:39,-08:00,2025-01-23T16:25:39-08:00,0,20
global.js,80,js,745c9f6c,mtang24,2025-01-23,16:25:39,-08:00,2025-01-23T16:25:39-08:00,0,40
global.js,81,js,745c9f6c,mtang24,2025-01-23,16:25:39,-08:00,2025-01-23T16:25:39-08:00,0,41
global.js,82,js,26636931,mtang24,2025-01-30,08:47:32,-08:00,2025-01-30T08:47:32-08:00,0,3
global.js,83,js,26636931,mtang24,2025-01-30,08:47:32,-08:00,2025-01-30T08:47:32-08:00,0,0
global.js,84,js,26636931,mtang24,2025-01-30,08:47:32,-08:00,2025-01-30T08:47:32-08:00,0,37
global.js,85,js,26636931,mtang24,2025-01-30,08:47:32,-08:00,2025-01-30T08:47:32-08:00,0,4
global.js,86,js,26636931,mtang24,2025-01-30,08:47:32,-08:00,2025-01-30T08:47:32-08:00,0,40
global.js,87,js,26636931,mtang24,2025-01-30,08:47:32,-08:00,2025-01-30T08:47:32-08:00,0,33
global.js,88,js,26636931,mtang24,2025-01-30,08:47:32,-08:00,2025-01-30T08:47:32-08:00,0,18
global.js,89,js,26636931,mtang24,2025-01-30,08:47:32,-08:00,2025-01-30T08:47:32-08:00,0,67
global.js,90,js,26636931,mtang24,2025-01-30,08:47:32,-08:00,2025-01-30T08:47:32-08:00,0,0
global.js,91,js,26636931,mtang24,2025-01-30,08:47:32,-08:00,2025-01-30T08:47:32-08:00,0,21
global.js,92,js,26636931,mtang24,2025-01-30,08:47:32,-08:00,2025-01-30T08:47:32-08:00,0,34
global.js,93,js,26636931,mtang24,2025-01-30,08:47:32,-08:00,2025-01-30T08:47:32-08:00,0,11
global.js,94,js,26636931,mtang24,2025-01-30,08:47:32,-08:00,2025-01-30T08:47:32-08:00,0,16
global.js,95,js,26636931,mtang24,2025-01-30,08:47:32,-08:00,2025-01-30T08:47:32-08:00,0,60
global.js,96,js,26636931,mtang24,2025-01-30,08:47:32,-08:00,2025-01-30T08:47:32-08:00,0,0
global.js,97,js,26636931,mtang24,2025-01-30,08:47:32,-08:00,2025-01-30T08:47:32-08:00,0,0
global.js,98,js,26636931,mtang24,2025-01-30,08:47:32,-08:00,2025-01-30T08:47:32-08:00,0,0
global.js,99,js,26636931,mtang24,2025-01-30,08:47:32,-08:00,2025-01-30T08:47:32-08:00,0,79
global.js,100,js,26636931,mtang24,2025-01-30,08:47:32,-08:00,2025-01-30T08:47:32-08:00,0,84
global.js,101,js,26636931,mtang24,2025-01-30,08:47:32,-08:00,2025-01-30T08:47:32-08:00,0,31
global.js,102,js,26636931,mtang24,2025-01-30,08:47:32,-08:00,2025-01-30T08:47:32-08:00,0,27
global.js,103,js,26636931,mtang24,2025-01-30,08:47:32,-08:00,2025-01-30T08:47:32-08:00,0,49
global.js,104,js,26636931,mtang24,2025-01-30,08:47:32,-08:00,2025-01-30T08:47:32-08:00,0,0
global.js,105,js,26636931,mtang24,2025-01-30,08:47:32,-08:00,2025-01-30T08:47:32-08:00,0,20
global.js,106,js,26636931,mtang24,2025-01-30,08:47:32,-08:00,2025-01-30T08:47:32-08:00,0,24
global.js,107,js,26636931,mtang24,2025-01-30,08:47:32,-08:00,2025-01-30T08:47:32-08:00,0,50
global.js,108,js,26636931,mtang24,2025-01-30,08:47:32,-08:00,2025-01-30T08:47:32-08:00,0,28
global.js,109,js,1041d07b,mtang24,2025-02-07,10:27:42,-08:00,2025-02-07T10:27:42-08:00,0,42
global.js,110,js,26636931,mtang24,2025-01-30,08:47:32,-08:00,2025-01-30T08:47:32-08:00,0,1
global.js,111,js,26636931,mtang24,2025-01-30,08:47:32,-08:00,2025-01-30T08:47:32-08:00,0,0
global.js,112,js,26636931,mtang24,2025-01-30,08:47:32,-08:00,2025-01-30T08:47:32-08:00,0,37
global.js,113,js,26636931,mtang24,2025-01-30,08:47:32,-08:00,2025-01-30T08:47:32-08:00,0,2
global.js,114,js,26636931,mtang24,2025-01-30,08:47:32,-08:00,2025-01-30T08:47:32-08:00,0,0
global.js,115,js,26636931,mtang24,2025-01-30,08:47:32,-08:00,2025-01-30T08:47:32-08:00,0,0
global.js,116,js,26636931,mtang24,2025-01-30,08:47:32,-08:00,2025-01-30T08:47:32-08:00,0,48
global.js,117,js,26636931,mtang24,2025-01-30,08:47:32,-08:00,2025-01-30T08:47:32-08:00,0,23
global.js,118,js,26636931,mtang24,2025-01-30,08:47:32,-08:00,2025-01-30T08:47:32-08:00,0,60
global.js,119,js,26636931,mtang24,2025-01-30,08:47:32,-08:00,2025-01-30T08:47:32-08:00,0,0
resume\index.html,1,html,42f1e740,mtang24,2025-01-09,13:41:09,-08:00,2025-01-09T13:41:09-08:00,0,14
resume\index.html,2,html,42f1e740,mtang24,2025-01-09,13:41:09,-08:00,2025-01-09T13:41:09-08:00,0,15
resume\index.html,3,html,42f1e740,mtang24,2025-01-09,13:41:09,-08:00,2025-01-09T13:41:09-08:00,0,5
resume\index.html,4,html,42f1e740,mtang24,2025-01-09,13:41:09,-08:00,2025-01-09T13:41:09-08:00,0,21
resume\index.html,5,html,42f1e740,mtang24,2025-01-09,13:41:09,-08:00,2025-01-09T13:41:09-08:00,0,69
resume\index.html,6,html,42f1e740,mtang24,2025-01-09,13:41:09,-08:00,2025-01-09T13:41:09-08:00,0,20
resume\index.html,7,html,c3e6a467,mtang24,2025-01-11,13:40:45,-08:00,2025-01-11T13:40:45-08:00,0,42
resume\index.html,8,html,a93e4e1e,mtang24,2025-01-16,11:50:34,-08:00,2025-01-16T11:50:34-08:00,0,103
resume\index.html,9,html,42f1e740,mtang24,2025-01-09,13:41:09,-08:00,2025-01-09T13:41:09-08:00,0,6
resume\index.html,10,html,42f1e740,mtang24,2025-01-09,13:41:09,-08:00,2025-01-09T13:41:09-08:00,0,5
resume\index.html,11,html,42f1e740,mtang24,2025-01-09,13:41:09,-08:00,2025-01-09T13:41:09-08:00,0,14
resume\index.html,12,html,42f1e740,mtang24,2025-01-09,13:41:09,-08:00,2025-01-09T13:41:09-08:00,0,0
resume\index.html,13,html,a93e4e1e,mtang24,2025-01-16,11:50:34,-08:00,2025-01-16T11:50:34-08:00,0,22
resume\index.html,14,html,a93e4e1e,mtang24,2025-01-16,11:50:34,-08:00,2025-01-16T11:50:34-08:00,0,8
resume\index.html,15,html,a93e4e1e,mtang24,2025-01-16,11:50:34,-08:00,2025-01-16T11:50:34-08:00,0,19
resume\index.html,16,html,a93e4e1e,mtang24,2025-01-16,11:50:34,-08:00,2025-01-16T11:50:34-08:00,0,20
resume\index.html,17,html,a93e4e1e,mtang24,2025-01-16,11:50:34,-08:00,2025-01-16T11:50:34-08:00,0,33
resume\index.html,18,html,a93e4e1e,mtang24,2025-01-16,11:50:34,-08:00,2025-01-16T11:50:34-08:00,0,2
resume\index.html,19,html,a93e4e1e,mtang24,2025-01-16,11:50:34,-08:00,2025-01-16T11:50:34-08:00,0,49
resume\index.html,20,html,a93e4e1e,mtang24,2025-01-16,11:50:34,-08:00,2025-01-16T11:50:34-08:00,0,53
resume\index.html,21,html,a93e4e1e,mtang24,2025-01-16,11:50:34,-08:00,2025-01-16T11:50:34-08:00,0,63
resume\index.html,22,html,a93e4e1e,mtang24,2025-01-16,11:50:34,-08:00,2025-01-16T11:50:34-08:00,0,45
resume\index.html,23,html,a93e4e1e,mtang24,2025-01-16,11:50:34,-08:00,2025-01-16T11:50:34-08:00,0,3
resume\index.html,24,html,a93e4e1e,mtang24,2025-01-16,11:50:34,-08:00,2025-01-16T11:50:34-08:00,0,3
resume\index.html,25,html,a93e4e1e,mtang24,2025-01-16,11:50:34,-08:00,2025-01-16T11:50:34-08:00,0,5
resume\index.html,26,html,745c9f6c,mtang24,2025-01-23,16:25:39,-08:00,2025-01-23T16:25:39-08:00,0,9
resume\index.html,27,html,a93e4e1e,mtang24,2025-01-16,11:50:34,-08:00,2025-01-16T11:50:34-08:00,0,0
resume\index.html,28,html,42f1e740,mtang24,2025-01-09,13:41:09,-08:00,2025-01-09T13:41:09-08:00,0,15
resume\index.html,29,html,42f1e740,mtang24,2025-01-09,13:41:09,-08:00,2025-01-09T13:41:09-08:00,0,8
resume\index.html,30,html,42f1e740,mtang24,2025-01-09,13:41:09,-08:00,2025-01-09T13:41:09-08:00,0,17
resume\index.html,31,html,42f1e740,mtang24,2025-01-09,13:41:09,-08:00,2025-01-09T13:41:09-08:00,0,8
resume\index.html,32,html,8ff1e247,mtang24,2025-01-11,16:20:32,-08:00,2025-01-11T16:20:32-08:00,0,17
resume\index.html,33,html,8ff1e247,mtang24,2025-01-11,16:20:32,-08:00,2025-01-11T16:20:32-08:00,0,72
resume\index.html,34,html,8ff1e247,mtang24,2025-01-11,16:20:32,-08:00,2025-01-11T16:20:32-08:00,0,104
resume\index.html,35,html,8ff1e247,mtang24,2025-01-11,16:20:32,-08:00,2025-01-11T16:20:32-08:00,0,5
resume\index.html,36,html,42f1e740,mtang24,2025-01-09,13:41:09,-08:00,2025-01-09T13:41:09-08:00,0,39
resume\index.html,37,html,42f1e740,mtang24,2025-01-09,13:41:09,-08:00,2025-01-09T13:41:09-08:00,0,9
resume\index.html,38,html,42f1e740,mtang24,2025-01-09,13:41:09,-08:00,2025-01-09T13:41:09-08:00,0,9
resume\index.html,39,html,42f1e740,mtang24,2025-01-09,13:41:09,-08:00,2025-01-09T13:41:09-08:00,0,0
resume\index.html,40,html,42f1e740,mtang24,2025-01-09,13:41:09,-08:00,2025-01-09T13:41:09-08:00,0,23
resume\index.html,41,html,42f1e740,mtang24,2025-01-09,13:41:09,-08:00,2025-01-09T13:41:09-08:00,0,8
resume\index.html,42,html,42f1e740,mtang24,2025-01-09,13:41:09,-08:00,2025-01-09T13:41:09-08:00,0,27
resume\index.html,43,html,42f1e740,mtang24,2025-01-09,13:41:09,-08:00,2025-01-09T13:41:09-08:00,0,3
resume\index.html,44,html,42f1e740,mtang24,2025-01-09,13:41:09,-08:00,2025-01-09T13:41:09-08:00,0,34
resume\index.html,45,html,42f1e740,mtang24,2025-01-09,13:41:09,-08:00,2025-01-09T13:41:09-08:00,0,49
resume\index.html,46,html,42f1e740,mtang24,2025-01-09,13:41:09,-08:00,2025-01-09T13:41:09-08:00,0,11
resume\index.html,47,html,42f1e740,mtang24,2025-01-09,13:41:09,-08:00,2025-01-09T13:41:09-08:00,0,52
resume\index.html,48,html,42f1e740,mtang24,2025-01-09,13:41:09,-08:00,2025-01-09T13:41:09-08:00,0,32
resume\index.html,49,html,42f1e740,mtang24,2025-01-09,13:41:09,-08:00,2025-01-09T13:41:09-08:00,0,48
resume\index.html,50,html,42f1e740,mtang24,2025-01-09,13:41:09,-08:00,2025-01-09T13:41:09-08:00,0,40
resume\index.html,51,html,42f1e740,mtang24,2025-01-09,13:41:09,-08:00,2025-01-09T13:41:09-08:00,0,46
resume\index.html,52,html,42f1e740,mtang24,2025-01-09,13:41:09,-08:00,2025-01-09T13:41:09-08:00,0,4
resume\index.html,53,html,745c9f6c,mtang24,2025-01-23,16:25:39,-08:00,2025-01-23T16:25:39-08:00,0,9
resume\index.html,54,html,42f1e740,mtang24,2025-01-09,13:41:09,-08:00,2025-01-09T13:41:09-08:00,0,0
resume\index.html,55,html,42f1e740,mtang24,2025-01-09,13:41:09,-08:00,2025-01-09T13:41:09-08:00,0,23
resume\index.html,56,html,42f1e740,mtang24,2025-01-09,13:41:09,-08:00,2025-01-09T13:41:09-08:00,0,8
resume\index.html,57,html,42f1e740,mtang24,2025-01-09,13:41:09,-08:00,2025-01-09T13:41:09-08:00,0,18
resume\index.html,58,html,42f1e740,mtang24,2025-01-09,13:41:09,-08:00,2025-01-09T13:41:09-08:00,0,8
resume\index.html,59,html,8ff1e247,mtang24,2025-01-11,16:20:32,-08:00,2025-01-11T16:20:32-08:00,0,17
resume\index.html,60,html,8ff1e247,mtang24,2025-01-11,16:20:32,-08:00,2025-01-11T16:20:32-08:00,0,27
resume\index.html,61,html,8ff1e247,mtang24,2025-01-11,16:20:32,-08:00,2025-01-11T16:20:32-08:00,0,71
resume\index.html,62,html,8ff1e247,mtang24,2025-01-11,16:20:32,-08:00,2025-01-11T16:20:32-08:00,0,5
resume\index.html,63,html,8ff1e247,mtang24,2025-01-11,16:20:32,-08:00,2025-01-11T16:20:32-08:00,0,3
resume\index.html,64,html,8ff1e247,mtang24,2025-01-11,16:20:32,-08:00,2025-01-11T16:20:32-08:00,0,70
resume\index.html,65,html,8ff1e247,mtang24,2025-01-11,16:20:32,-08:00,2025-01-11T16:20:32-08:00,0,61
resume\index.html,66,html,8ff1e247,mtang24,2025-01-11,16:20:32,-08:00,2025-01-11T16:20:32-08:00,0,4
resume\index.html,67,html,8ff1e247,mtang24,2025-01-11,16:20:32,-08:00,2025-01-11T16:20:32-08:00,0,0
resume\index.html,68,html,8ff1e247,mtang24,2025-01-11,16:20:32,-08:00,2025-01-11T16:20:32-08:00,0,17
resume\index.html,69,html,8ff1e247,mtang24,2025-01-11,16:20:32,-08:00,2025-01-11T16:20:32-08:00,0,45
resume\index.html,70,html,8ff1e247,mtang24,2025-01-11,16:20:32,-08:00,2025-01-11T16:20:32-08:00,0,104
resume\index.html,71,html,8ff1e247,mtang24,2025-01-11,16:20:32,-08:00,2025-01-11T16:20:32-08:00,0,5
resume\index.html,72,html,8ff1e247,mtang24,2025-01-11,16:20:32,-08:00,2025-01-11T16:20:32-08:00,0,3
resume\index.html,73,html,8ff1e247,mtang24,2025-01-11,16:20:32,-08:00,2025-01-11T16:20:32-08:00,0,53
resume\index.html,74,html,8ff1e247,mtang24,2025-01-11,16:20:32,-08:00,2025-01-11T16:20:32-08:00,0,100
resume\index.html,75,html,8ff1e247,mtang24,2025-01-11,16:20:32,-08:00,2025-01-11T16:20:32-08:00,0,4
resume\index.html,76,html,42f1e740,mtang24,2025-01-09,13:41:09,-08:00,2025-01-09T13:41:09-08:00,0,9
resume\index.html,77,html,745c9f6c,mtang24,2025-01-23,16:25:39,-08:00,2025-01-23T16:25:39-08:00,0,9
resume\index.html,78,html,42f1e740,mtang24,2025-01-09,13:41:09,-08:00,2025-01-09T13:41:09-08:00,0,0
resume\index.html,79,html,42f1e740,mtang24,2025-01-09,13:41:09,-08:00,2025-01-09T13:41:09-08:00,0,23
resume\index.html,80,html,42f1e740,mtang24,2025-01-09,13:41:09,-08:00,2025-01-09T13:41:09-08:00,0,8
resume\index.html,81,html,42f1e740,mtang24,2025-01-09,13:41:09,-08:00,2025-01-09T13:41:09-08:00,0,16
resume\index.html,82,html,42f1e740,mtang24,2025-01-09,13:41:09,-08:00,2025-01-09T13:41:09-08:00,0,8
resume\index.html,83,html,8ff1e247,mtang24,2025-01-11,16:20:32,-08:00,2025-01-11T16:20:32-08:00,0,17
resume\index.html,84,html,745c9f6c,mtang24,2025-01-23,16:25:39,-08:00,2025-01-23T16:25:39-08:00,0,119
resume\index.html,85,html,8ff1e247,mtang24,2025-01-11,16:20:32,-08:00,2025-01-11T16:20:32-08:00,0,104
resume\index.html,86,html,8ff1e247,mtang24,2025-01-11,16:20:32,-08:00,2025-01-11T16:20:32-08:00,0,5
resume\index.html,87,html,42f1e740,mtang24,2025-01-09,13:41:09,-08:00,2025-01-09T13:41:09-08:00,0,3
resume\index.html,88,html,42f1e740,mtang24,2025-01-09,13:41:09,-08:00,2025-01-09T13:41:09-08:00,0,103
resume\index.html,89,html,42f1e740,mtang24,2025-01-09,13:41:09,-08:00,2025-01-09T13:41:09-08:00,0,102
resume\index.html,90,html,8ff1e247,mtang24,2025-01-11,16:20:32,-08:00,2025-01-11T16:20:32-08:00,0,4
resume\index.html,91,html,8ff1e247,mtang24,2025-01-11,16:20:32,-08:00,2025-01-11T16:20:32-08:00,0,0
resume\index.html,92,html,8ff1e247,mtang24,2025-01-11,16:20:32,-08:00,2025-01-11T16:20:32-08:00,0,17
resume\index.html,93,html,8ff1e247,mtang24,2025-01-11,16:20:32,-08:00,2025-01-11T16:20:32-08:00,0,63
resume\index.html,94,html,8ff1e247,mtang24,2025-01-11,16:20:32,-08:00,2025-01-11T16:20:32-08:00,0,104
resume\index.html,95,html,8ff1e247,mtang24,2025-01-11,16:20:32,-08:00,2025-01-11T16:20:32-08:00,0,5
resume\index.html,96,html,42f1e740,mtang24,2025-01-09,13:41:09,-08:00,2025-01-09T13:41:09-08:00,0,3
resume\index.html,97,html,42f1e740,mtang24,2025-01-09,13:41:09,-08:00,2025-01-09T13:41:09-08:00,0,133
resume\index.html,98,html,42f1e740,mtang24,2025-01-09,13:41:09,-08:00,2025-01-09T13:41:09-08:00,0,116
resume\index.html,99,html,42f1e740,mtang24,2025-01-09,13:41:09,-08:00,2025-01-09T13:41:09-08:00,0,4
resume\index.html,100,html,42f1e740,mtang24,2025-01-09,13:41:09,-08:00,2025-01-09T13:41:09-08:00,0,9
resume\index.html,101,html,745c9f6c,mtang24,2025-01-23,16:25:39,-08:00,2025-01-23T16:25:39-08:00,0,9
resume\index.html,102,html,42f1e740,mtang24,2025-01-09,13:41:09,-08:00,2025-01-09T13:41:09-08:00,0,0
resume\index.html,103,html,42f1e740,mtang24,2025-01-09,13:41:09,-08:00,2025-01-09T13:41:09-08:00,0,23
resume\index.html,104,html,42f1e740,mtang24,2025-01-09,13:41:09,-08:00,2025-01-09T13:41:09-08:00,0,8
resume\index.html,105,html,42f1e740,mtang24,2025-01-09,13:41:09,-08:00,2025-01-09T13:41:09-08:00,0,24
resume\index.html,106,html,42f1e740,mtang24,2025-01-09,13:41:09,-08:00,2025-01-09T13:41:09-08:00,0,8
resume\index.html,107,html,8ff1e247,mtang24,2025-01-11,16:20:32,-08:00,2025-01-11T16:20:32-08:00,0,17
resume\index.html,108,html,42f1e740,mtang24,2025-01-09,13:41:09,-08:00,2025-01-09T13:41:09-08:00,0,9
resume\index.html,109,html,42f1e740,mtang24,2025-01-09,13:41:09,-08:00,2025-01-09T13:41:09-08:00,0,3
resume\index.html,110,html,42f1e740,mtang24,2025-01-09,13:41:09,-08:00,2025-01-09T13:41:09-08:00,0,14
resume\index.html,111,html,42f1e740,mtang24,2025-01-09,13:41:09,-08:00,2025-01-09T13:41:09-08:00,0,9
resume\index.html,112,html,42f1e740,mtang24,2025-01-09,13:41:09,-08:00,2025-01-09T13:41:09-08:00,0,11
resume\index.html,113,html,42f1e740,mtang24,2025-01-09,13:41:09,-08:00,2025-01-09T13:41:09-08:00,0,12
resume\index.html,114,html,42f1e740,mtang24,2025-01-09,13:41:09,-08:00,2025-01-09T13:41:09-08:00,0,4
resume\index.html,115,html,42f1e740,mtang24,2025-01-09,13:41:09,-08:00,2025-01-09T13:41:09-08:00,0,8
resume\index.html,116,html,42f1e740,mtang24,2025-01-09,13:41:09,-08:00,2025-01-09T13:41:09-08:00,0,38
resume\index.html,117,html,42f1e740,mtang24,2025-01-09,13:41:09,-08:00,2025-01-09T13:41:09-08:00,0,9
resume\index.html,118,html,42f1e740,mtang24,2025-01-09,13:41:09,-08:00,2025-01-09T13:41:09-08:00,0,3
resume\index.html,119,html,42f1e740,mtang24,2025-01-09,13:41:09,-08:00,2025-01-09T13:41:09-08:00,0,24
resume\index.html,120,html,42f1e740,mtang24,2025-01-09,13:41:09,-08:00,2025-01-09T13:41:09-08:00,0,24
resume\index.html,121,html,42f1e740,mtang24,2025-01-09,13:41:09,-08:00,2025-01-09T13:41:09-08:00,0,18
resume\index.html,122,html,42f1e740,mtang24,2025-01-09,13:41:09,-08:00,2025-01-09T13:41:09-08:00,0,26
resume\index.html,123,html,42f1e740,mtang24,2025-01-09,13:41:09,-08:00,2025-01-09T13:41:09-08:00,0,24
resume\index.html,124,html,42f1e740,mtang24,2025-01-09,13:41:09,-08:00,2025-01-09T13:41:09-08:00,0,4
resume\index.html,125,html,745c9f6c,mtang24,2025-01-23,16:25:39,-08:00,2025-01-23T16:25:39-08:00,0,9
resume\index.html,126,html,745c9f6c,mtang24,2025-01-23,16:25:39,-08:00,2025-01-23T16:25:39-08:00,0,0
resume\index.html,127,html,734035e3,mtang24,2025-01-24,10:46:03,-08:00,2025-01-24T10:46:03-08:00,0,49
resume\index.html,128,html,42f1e740,mtang24,2025-01-09,13:41:09,-08:00,2025-01-09T13:41:09-08:00,0,6
resume\index.html,129,html,42f1e740,mtang24,2025-01-09,13:41:09,-08:00,2025-01-09T13:41:09-08:00,0,6
projects\projects.js,1,js,26636931,mtang24,2025-01-30,08:47:32,-08:00,2025-01-30T08:47:32-08:00,0,56
projects\projects.js,2,js,1041d07b,mtang24,2025-02-07,10:27:42,-08:00,2025-02-07T10:27:42-08:00,0,60
projects\projects.js,3,js,1041d07b,mtang24,2025-02-07,10:27:42,-08:00,2025-02-07T10:27:42-08:00,0,0
projects\projects.js,4,js,67ca080d,mtang24,2025-01-30,11:46:28,-08:00,2025-01-30T11:46:28-08:00,0,56
projects\projects.js,5,js,26636931,mtang24,2025-01-30,08:47:32,-08:00,2025-01-30T08:47:32-08:00,0,91
projects\projects.js,6,js,26636931,mtang24,2025-01-30,08:47:32,-08:00,2025-01-30T08:47:32-08:00,0,0
projects\projects.js,7,js,26636931,mtang24,2025-01-30,08:47:32,-08:00,2025-01-30T08:47:32-08:00,0,21
projects\projects.js,8,js,26636931,mtang24,2025-01-30,08:47:32,-08:00,2025-01-30T08:47:32-08:00,0,49
projects\projects.js,9,js,26636931,mtang24,2025-01-30,08:47:32,-08:00,2025-01-30T08:47:32-08:00,0,0
projects\projects.js,10,js,26636931,mtang24,2025-01-30,08:47:32,-08:00,2025-01-30T08:47:32-08:00,0,39
projects\projects.js,11,js,26636931,mtang24,2025-01-30,08:47:32,-08:00,2025-01-30T08:47:32-08:00,0,59
projects\projects.js,12,js,26636931,mtang24,2025-01-30,08:47:32,-08:00,2025-01-30T08:47:32-08:00,0,84
projects\projects.js,13,js,26636931,mtang24,2025-01-30,08:47:32,-08:00,2025-01-30T08:47:32-08:00,0,90
projects\projects.js,14,js,26636931,mtang24,2025-01-30,08:47:32,-08:00,2025-01-30T08:47:32-08:00,0,0
projects\projects.js,15,js,cba395ee,mtang24,2025-02-07,14:18:38,-08:00,2025-02-07T14:18:38-08:00,0,47
projects\projects.js,16,js,cba395ee,mtang24,2025-02-07,14:18:38,-08:00,2025-02-07T14:18:38-08:00,0,27
projects\projects.js,17,js,cba395ee,mtang24,2025-02-07,14:18:38,-08:00,2025-02-07T14:18:38-08:00,0,75
projects\projects.js,18,js,1041d07b,mtang24,2025-02-07,10:27:42,-08:00,2025-02-07T10:27:42-08:00,0,51
projects\projects.js,19,js,1041d07b,mtang24,2025-02-07,10:27:42,-08:00,2025-02-07T10:27:42-08:00,0,54
projects\projects.js,20,js,1041d07b,mtang24,2025-02-07,10:27:42,-08:00,2025-02-07T10:27:42-08:00,0,2
projects\projects.js,21,js,cba395ee,mtang24,2025-02-07,14:18:38,-08:00,2025-02-07T14:18:38-08:00,0,0
projects\projects.js,22,js,1041d07b,mtang24,2025-02-07,10:27:42,-08:00,2025-02-07T10:27:42-08:00,0,0
projects\projects.js,23,js,cba395ee,mtang24,2025-02-07,14:18:38,-08:00,2025-02-07T14:18:38-08:00,0,51
projects\projects.js,24,js,cba395ee,mtang24,2025-02-07,14:18:38,-08:00,2025-02-07T14:18:38-08:00,0,17
projects\projects.js,25,js,1041d07b,mtang24,2025-02-07,10:27:42,-08:00,2025-02-07T10:27:42-08:00,0,0
projects\projects.js,26,js,cba395ee,mtang24,2025-02-07,14:18:38,-08:00,2025-02-07T14:18:38-08:00,0,14
projects\projects.js,27,js,cba395ee,mtang24,2025-02-07,14:18:38,-08:00,2025-02-07T14:18:38-08:00,0,54
projects\projects.js,28,js,cba395ee,mtang24,2025-02-07,14:18:38,-08:00,2025-02-07T14:18:38-08:00,0,0
projects\projects.js,29,js,22a53c35,mtang24,2025-02-07,18:00:42,-08:00,2025-02-07T18:00:42-08:00,0,22
projects\projects.js,30,js,cba395ee,mtang24,2025-02-07,14:18:38,-08:00,2025-02-07T14:18:38-08:00,0,0
projects\projects.js,31,js,cba395ee,mtang24,2025-02-07,14:18:38,-08:00,2025-02-07T14:18:38-08:00,0,41
projects\projects.js,32,js,cba395ee,mtang24,2025-02-07,14:18:38,-08:00,2025-02-07T14:18:38-08:00,0,39
projects\projects.js,33,js,cba395ee,mtang24,2025-02-07,14:18:38,-08:00,2025-02-07T14:18:38-08:00,0,0
projects\projects.js,34,js,cba395ee,mtang24,2025-02-07,14:18:38,-08:00,2025-02-07T14:18:38-08:00,0,26
projects\projects.js,35,js,cba395ee,mtang24,2025-02-07,14:18:38,-08:00,2025-02-07T14:18:38-08:00,0,30
projects\projects.js,36,js,cba395ee,mtang24,2025-02-07,14:18:38,-08:00,2025-02-07T14:18:38-08:00,0,13
projects\projects.js,37,js,cba395ee,mtang24,2025-02-07,14:18:38,-08:00,2025-02-07T14:18:38-08:00,0,15
projects\projects.js,38,js,cba395ee,mtang24,2025-02-07,14:18:38,-08:00,2025-02-07T14:18:38-08:00,0,13
projects\projects.js,39,js,cba395ee,mtang24,2025-02-07,14:18:38,-08:00,2025-02-07T14:18:38-08:00,0,1
projects\projects.js,40,js,22a53c35,mtang24,2025-02-07,18:00:42,-08:00,2025-02-07T18:00:42-08:00,0,0
projects\projects.js,41,js,cba395ee,mtang24,2025-02-07,14:18:38,-08:00,2025-02-07T14:18:38-08:00,0,19
projects\projects.js,42,js,cba395ee,mtang24,2025-02-07,14:18:38,-08:00,2025-02-07T14:18:38-08:00,0,51
projects\projects.js,43,js,cba395ee,mtang24,2025-02-07,14:18:38,-08:00,2025-02-07T14:18:38-08:00,0,44
projects\projects.js,44,js,1041d07b,mtang24,2025-02-07,10:27:42,-08:00,2025-02-07T10:27:42-08:00,0,2
projects\projects.js,45,js,22a53c35,mtang24,2025-02-07,18:00:42,-08:00,2025-02-07T18:00:42-08:00,0,0
projects\projects.js,46,js,cba395ee,mtang24,2025-02-07,14:18:38,-08:00,2025-02-07T14:18:38-08:00,0,51
projects\projects.js,47,js,cba395ee,mtang24,2025-02-07,14:18:38,-08:00,2025-02-07T14:18:38-08:00,0,58
projects\projects.js,48,js,cba395ee,mtang24,2025-02-07,14:18:38,-08:00,2025-02-07T14:18:38-08:00,0,54
projects\projects.js,49,js,cba395ee,mtang24,2025-02-07,14:18:38,-08:00,2025-02-07T14:18:38-08:00,0,43
projects\projects.js,50,js,cba395ee,mtang24,2025-02-07,14:18:38,-08:00,2025-02-07T14:18:38-08:00,0,52
projects\projects.js,51,js,22a53c35,mtang24,2025-02-07,18:00:42,-08:00,2025-02-07T18:00:42-08:00,0,45
projects\projects.js,52,js,cba395ee,mtang24,2025-02-07,14:18:38,-08:00,2025-02-07T14:18:38-08:00,0,0
projects\projects.js,53,js,cba395ee,mtang24,2025-02-07,14:18:38,-08:00,2025-02-07T14:18:38-08:00,0,34
projects\projects.js,54,js,cba395ee,mtang24,2025-02-07,14:18:38,-08:00,2025-02-07T14:18:38-08:00,0,29
projects\projects.js,55,js,cba395ee,mtang24,2025-02-07,14:18:38,-08:00,2025-02-07T14:18:38-08:00,0,33
projects\projects.js,56,js,cba395ee,mtang24,2025-02-07,14:18:38,-08:00,2025-02-07T14:18:38-08:00,0,42
projects\projects.js,57,js,cba395ee,mtang24,2025-02-07,14:18:38,-08:00,2025-02-07T14:18:38-08:00,0,40
projects\projects.js,58,js,cba395ee,mtang24,2025-02-07,14:18:38,-08:00,2025-02-07T14:18:38-08:00,0,0
projects\projects.js,59,js,cba395ee,mtang24,2025-02-07,14:18:38,-08:00,2025-02-07T14:18:38-08:00,0,40
projects\projects.js,60,js,cba395ee,mtang24,2025-02-07,14:18:38,-08:00,2025-02-07T14:18:38-08:00,0,32
projects\projects.js,61,js,cba395ee,mtang24,2025-02-07,14:18:38,-08:00,2025-02-07T14:18:38-08:00,0,68
projects\projects.js,62,js,cba395ee,mtang24,2025-02-07,14:18:38,-08:00,2025-02-07T14:18:38-08:00,0,63
projects\projects.js,63,js,cba395ee,mtang24,2025-02-07,14:18:38,-08:00,2025-02-07T14:18:38-08:00,0,7
projects\projects.js,64,js,cba395ee,mtang24,2025-02-07,14:18:38,-08:00,2025-02-07T14:18:38-08:00,0,69
projects\projects.js,65,js,cba395ee,mtang24,2025-02-07,14:18:38,-08:00,2025-02-07T14:18:38-08:00,0,0
projects\projects.js,66,js,cba395ee,mtang24,2025-02-07,14:18:38,-08:00,2025-02-07T14:18:38-08:00,0,0
projects\projects.js,67,js,cba395ee,mtang24,2025-02-07,14:18:38,-08:00,2025-02-07T14:18:38-08:00,0,54
projects\projects.js,68,js,cba395ee,mtang24,2025-02-07,14:18:38,-08:00,2025-02-07T14:18:38-08:00,0,30
projects\projects.js,69,js,1041d07b,mtang24,2025-02-07,10:27:42,-08:00,2025-02-07T10:27:42-08:00,0,15
projects\projects.js,70,js,1041d07b,mtang24,2025-02-07,10:27:42,-08:00,2025-02-07T10:27:42-08:00,0,14
projects\projects.js,71,js,1041d07b,mtang24,2025-02-07,10:27:42,-08:00,2025-02-07T10:27:42-08:00,0,14
projects\projects.js,72,js,1041d07b,mtang24,2025-02-07,10:27:42,-08:00,2025-02-07T10:27:42-08:00,0,98
projects\projects.js,73,js,22a53c35,mtang24,2025-02-07,18:00:42,-08:00,2025-02-07T18:00:42-08:00,0,19
projects\projects.js,74,js,22a53c35,mtang24,2025-02-07,18:00:42,-08:00,2025-02-07T18:00:42-08:00,0,48
projects\projects.js,75,js,22a53c35,mtang24,2025-02-07,18:00:42,-08:00,2025-02-07T18:00:42-08:00,0,0
projects\projects.js,76,js,22a53c35,mtang24,2025-02-07,18:00:42,-08:00,2025-02-07T18:00:42-08:00,0,5
projects\projects.js,77,js,22a53c35,mtang24,2025-02-07,18:00:42,-08:00,2025-02-07T18:00:42-08:00,0,17
projects\projects.js,78,js,22a53c35,mtang24,2025-02-07,18:00:42,-08:00,2025-02-07T18:00:42-08:00,0,64
projects\projects.js,79,js,22a53c35,mtang24,2025-02-07,18:00:42,-08:00,2025-02-07T18:00:42-08:00,0,31
projects\projects.js,80,js,22a53c35,mtang24,2025-02-07,18:00:42,-08:00,2025-02-07T18:00:42-08:00,0,64
projects\projects.js,81,js,22a53c35,mtang24,2025-02-07,18:00:42,-08:00,2025-02-07T18:00:42-08:00,0,61
projects\projects.js,82,js,22a53c35,mtang24,2025-02-07,18:00:42,-08:00,2025-02-07T18:00:42-08:00,0,0
projects\projects.js,83,js,22a53c35,mtang24,2025-02-07,18:00:42,-08:00,2025-02-07T18:00:42-08:00,0,14
projects\projects.js,84,js,22a53c35,mtang24,2025-02-07,18:00:42,-08:00,2025-02-07T18:00:42-08:00,0,15
projects\projects.js,85,js,22a53c35,mtang24,2025-02-07,18:00:42,-08:00,2025-02-07T18:00:42-08:00,0,65
projects\projects.js,86,js,22a53c35,mtang24,2025-02-07,18:00:42,-08:00,2025-02-07T18:00:42-08:00,0,0
projects\projects.js,87,js,22a53c35,mtang24,2025-02-07,18:00:42,-08:00,2025-02-07T18:00:42-08:00,0,45
projects\projects.js,88,js,22a53c35,mtang24,2025-02-07,18:00:42,-08:00,2025-02-07T18:00:42-08:00,0,26
projects\projects.js,89,js,22a53c35,mtang24,2025-02-07,18:00:42,-08:00,2025-02-07T18:00:42-08:00,0,49
projects\projects.js,90,js,22a53c35,mtang24,2025-02-07,18:00:42,-08:00,2025-02-07T18:00:42-08:00,0,7
projects\projects.js,91,js,22a53c35,mtang24,2025-02-07,18:00:42,-08:00,2025-02-07T18:00:42-08:00,0,49
projects\projects.js,92,js,00000000,Not Committed Yet,2025-02-11,11:44:28,-08:00,2025-02-11T11:44:28-08:00,0,82
projects\projects.js,93,js,22a53c35,mtang24,2025-02-07,18:00:42,-08:00,2025-02-07T18:00:42-08:00,0,57
projects\projects.js,94,js,22a53c35,mtang24,2025-02-07,18:00:42,-08:00,2025-02-07T18:00:42-08:00,0,0
projects\projects.js,95,js,22a53c35,mtang24,2025-02-07,18:00:42,-08:00,2025-02-07T18:00:42-08:00,0,0
projects\projects.js,96,js,22a53c35,mtang24,2025-02-07,18:00:42,-08:00,2025-02-07T18:00:42-08:00,0,56
projects\projects.js,97,js,22a53c35,mtang24,2025-02-07,18:00:42,-08:00,2025-02-07T18:00:42-08:00,0,2
projects\projects.js,98,js,cba395ee,mtang24,2025-02-07,14:18:38,-08:00,2025-02-07T14:18:38-08:00,0,1
projects\projects.js,99,js,cba395ee,mtang24,2025-02-07,14:18:38,-08:00,2025-02-07T14:18:38-08:00,0,0
projects\projects.js,100,js,cba395ee,mtang24,2025-02-07,14:18:38,-08:00,2025-02-07T14:18:38-08:00,0,33
projects\projects.js,101,js,cba395ee,mtang24,2025-02-07,14:18:38,-08:00,2025-02-07T14:18:38-08:00,0,28
projects\projects.js,102,js,cba395ee,mtang24,2025-02-07,14:18:38,-08:00,2025-02-07T14:18:38-08:00,0,18
projects\projects.js,103,js,cba395ee,mtang24,2025-02-07,14:18:38,-08:00,2025-02-07T14:18:38-08:00,0,94
projects\projects.js,104,js,cba395ee,mtang24,2025-02-07,14:18:38,-08:00,2025-02-07T14:18:38-08:00,0,100
projects\projects.js,105,js,cba395ee,mtang24,2025-02-07,14:18:38,-08:00,2025-02-07T14:18:38-08:00,0,1
projects\projects.js,106,js,cba395ee,mtang24,2025-02-07,14:18:38,-08:00,2025-02-07T14:18:38-08:00,0,0
projects\projects.js,107,js,cba395ee,mtang24,2025-02-07,14:18:38,-08:00,2025-02-07T14:18:38-08:00,0,0
projects\projects.js,108,js,cba395ee,mtang24,2025-02-07,14:18:38,-08:00,2025-02-07T14:18:38-08:00,0,33
projects\projects.js,109,js,cba395ee,mtang24,2025-02-07,14:18:38,-08:00,2025-02-07T14:18:38-08:00,0,24
projects\projects.js,110,js,cba395ee,mtang24,2025-02-07,14:18:38,-08:00,2025-02-07T14:18:38-08:00,0,0
projects\projects.js,111,js,cba395ee,mtang24,2025-02-07,14:18:38,-08:00,2025-02-07T14:18:38-08:00,0,50
projects\projects.js,112,js,cba395ee,mtang24,2025-02-07,14:18:38,-08:00,2025-02-07T14:18:38-08:00,0,26
projects\projects.js,113,js,cba395ee,mtang24,2025-02-07,14:18:38,-08:00,2025-02-07T14:18:38-08:00,0,52
projects\projects.js,114,js,cba395ee,mtang24,2025-02-07,14:18:38,-08:00,2025-02-07T14:18:38-08:00,0,60
projects\projects.js,115,js,cba395ee,mtang24,2025-02-07,14:18:38,-08:00,2025-02-07T14:18:38-08:00,0,43
projects\projects.js,116,js,cba395ee,mtang24,2025-02-07,14:18:38,-08:00,2025-02-07T14:18:38-08:00,0,2
projects\projects.js,117,js,22a53c35,mtang24,2025-02-07,18:00:42,-08:00,2025-02-07T18:00:42-08:00,0,0
projects\projects.js,118,js,cba395ee,mtang24,2025-02-07,14:18:38,-08:00,2025-02-07T14:18:38-08:00,0,53
projects\projects.js,119,js,cba395ee,mtang24,2025-02-07,14:18:38,-08:00,2025-02-07T14:18:38-08:00,0,57
projects\projects.js,120,js,cba395ee,mtang24,2025-02-07,14:18:38,-08:00,2025-02-07T14:18:38-08:00,0,56
projects\projects.js,121,js,cba395ee,mtang24,2025-02-07,14:18:38,-08:00,2025-02-07T14:18:38-08:00,0,32
projects\projects.js,122,js,22a53c35,mtang24,2025-02-07,18:00:42,-08:00,2025-02-07T18:00:42-08:00,0,2
projects\index.html,1,html,fc4e918c,mtang24,2025-01-08,16:20:20,-08:00,2025-01-08T16:20:20-08:00,0,14
projects\index.html,2,html,fc4e918c,mtang24,2025-01-08,16:20:20,-08:00,2025-01-08T16:20:20-08:00,0,15
projects\index.html,3,html,fc4e918c,mtang24,2025-01-08,16:20:20,-08:00,2025-01-08T16:20:20-08:00,0,5
projects\index.html,4,html,fc4e918c,mtang24,2025-01-08,16:20:20,-08:00,2025-01-08T16:20:20-08:00,0,21
projects\index.html,5,html,fc4e918c,mtang24,2025-01-08,16:20:20,-08:00,2025-01-08T16:20:20-08:00,0,69
projects\index.html,6,html,fc4e918c,mtang24,2025-01-08,16:20:20,-08:00,2025-01-08T16:20:20-08:00,0,22
projects\index.html,7,html,c3e6a467,mtang24,2025-01-11,13:40:45,-08:00,2025-01-11T13:40:45-08:00,0,42
projects\index.html,8,html,745c9f6c,mtang24,2025-01-23,16:25:39,-08:00,2025-01-23T16:25:39-08:00,0,103
projects\index.html,9,html,fc4e918c,mtang24,2025-01-08,16:20:20,-08:00,2025-01-08T16:20:20-08:00,0,6
projects\index.html,10,html,fc4e918c,mtang24,2025-01-08,16:20:20,-08:00,2025-01-08T16:20:20-08:00,0,5
projects\index.html,11,html,26636931,mtang24,2025-01-30,08:47:32,-08:00,2025-01-30T08:47:32-08:00,0,43
projects\index.html,12,html,1041d07b,mtang24,2025-02-07,10:27:42,-08:00,2025-02-07T10:27:42-08:00,0,0
projects\index.html,13,html,cba395ee,mtang24,2025-02-07,14:18:38,-08:00,2025-02-07T14:18:38-08:00,0,5
projects\index.html,14,html,cba395ee,mtang24,2025-02-07,14:18:38,-08:00,2025-02-07T14:18:38-08:00,0,16
projects\index.html,15,html,cba395ee,mtang24,2025-02-07,14:18:38,-08:00,2025-02-07T14:18:38-08:00,0,12
projects\index.html,16,html,cba395ee,mtang24,2025-02-07,14:18:38,-08:00,2025-02-07T14:18:38-08:00,0,27
projects\index.html,17,html,cba395ee,mtang24,2025-02-07,14:18:38,-08:00,2025-02-07T14:18:38-08:00,0,32
projects\index.html,18,html,cba395ee,mtang24,2025-02-07,14:18:38,-08:00,2025-02-07T14:18:38-08:00,0,1
projects\index.html,19,html,cba395ee,mtang24,2025-02-07,14:18:38,-08:00,2025-02-07T14:18:38-08:00,0,0
projects\index.html,20,html,1041d07b,mtang24,2025-02-07,10:27:42,-08:00,2025-02-07T10:27:42-08:00,0,22
projects\index.html,21,html,1041d07b,mtang24,2025-02-07,10:27:42,-08:00,2025-02-07T10:27:42-08:00,0,0
projects\index.html,22,html,1041d07b,mtang24,2025-02-07,10:27:42,-08:00,2025-02-07T10:27:42-08:00,0,49
projects\index.html,23,html,1041d07b,mtang24,2025-02-07,10:27:42,-08:00,2025-02-07T10:27:42-08:00,0,5
projects\index.html,24,html,1041d07b,mtang24,2025-02-07,10:27:42,-08:00,2025-02-07T10:27:42-08:00,0,0
projects\index.html,25,html,1041d07b,mtang24,2025-02-07,10:27:42,-08:00,2025-02-07T10:27:42-08:00,0,18
projects\index.html,26,html,1041d07b,mtang24,2025-02-07,10:27:42,-08:00,2025-02-07T10:27:42-08:00,0,4
projects\index.html,27,html,1041d07b,mtang24,2025-02-07,10:27:42,-08:00,2025-02-07T10:27:42-08:00,0,5
projects\index.html,28,html,1041d07b,mtang24,2025-02-07,10:27:42,-08:00,2025-02-07T10:27:42-08:00,0,0
projects\index.html,29,html,26636931,mtang24,2025-01-30,08:47:32,-08:00,2025-01-30T08:47:32-08:00,0,27
projects\index.html,30,html,1041d07b,mtang24,2025-02-07,10:27:42,-08:00,2025-02-07T10:27:42-08:00,0,0
projects\index.html,31,html,734035e3,mtang24,2025-01-24,10:46:03,-08:00,2025-01-24T10:46:03-08:00,0,49
projects\index.html,32,html,26636931,mtang24,2025-01-30,08:47:32,-08:00,2025-01-30T08:47:32-08:00,0,48
projects\index.html,33,html,fc4e918c,mtang24,2025-01-08,16:20:20,-08:00,2025-01-08T16:20:20-08:00,0,6
projects\index.html,34,html,fc4e918c,mtang24,2025-01-08,16:20:20,-08:00,2025-01-08T16:20:20-08:00,0,6
contact\index.html,1,html,fc4e918c,mtang24,2025-01-08,16:20:20,-08:00,2025-01-08T16:20:20-08:00,0,14
contact\index.html,2,html,fc4e918c,mtang24,2025-01-08,16:20:20,-08:00,2025-01-08T16:20:20-08:00,0,15
contact\index.html,3,html,fc4e918c,mtang24,2025-01-08,16:20:20,-08:00,2025-01-08T16:20:20-08:00,0,5
contact\index.html,4,html,fc4e918c,mtang24,2025-01-08,16:20:20,-08:00,2025-01-08T16:20:20-08:00,0,21
contact\index.html,5,html,fc4e918c,mtang24,2025-01-08,16:20:20,-08:00,2025-01-08T16:20:20-08:00,0,69
contact\index.html,6,html,fc4e918c,mtang24,2025-01-08,16:20:20,-08:00,2025-01-08T16:20:20-08:00,0,21
contact\index.html,7,html,c3e6a467,mtang24,2025-01-11,13:40:45,-08:00,2025-01-11T13:40:45-08:00,0,42
contact\index.html,8,html,745c9f6c,mtang24,2025-01-23,16:25:39,-08:00,2025-01-23T16:25:39-08:00,0,103
contact\index.html,9,html,fc4e918c,mtang24,2025-01-08,16:20:20,-08:00,2025-01-08T16:20:20-08:00,0,6
contact\index.html,10,html,fc4e918c,mtang24,2025-01-08,16:20:20,-08:00,2025-01-08T16:20:20-08:00,0,5
contact\index.html,11,html,745c9f6c,mtang24,2025-01-23,16:25:39,-08:00,2025-01-23T16:25:39-08:00,0,18
contact\index.html,12,html,52d7dcb9,mtang24,2025-01-09,10:59:06,-08:00,2025-01-09T10:59:06-08:00,0,0
contact\index.html,13,html,52d7dcb9,mtang24,2025-01-09,10:59:06,-08:00,2025-01-09T10:59:06-08:00,0,72
contact\index.html,14,html,52d7dcb9,mtang24,2025-01-09,10:59:06,-08:00,2025-01-09T10:59:06-08:00,0,20
contact\index.html,15,html,52d7dcb9,mtang24,2025-01-09,10:59:06,-08:00,2025-01-09T10:59:06-08:00,0,41
contact\index.html,16,html,52d7dcb9,mtang24,2025-01-09,10:59:06,-08:00,2025-01-09T10:59:06-08:00,0,0
contact\index.html,17,html,52d7dcb9,mtang24,2025-01-09,10:59:06,-08:00,2025-01-09T10:59:06-08:00,0,22
contact\index.html,18,html,52d7dcb9,mtang24,2025-01-09,10:59:06,-08:00,2025-01-09T10:59:06-08:00,0,30
contact\index.html,19,html,52d7dcb9,mtang24,2025-01-09,10:59:06,-08:00,2025-01-09T10:59:06-08:00,0,0
contact\index.html,20,html,52d7dcb9,mtang24,2025-01-09,10:59:06,-08:00,2025-01-09T10:59:06-08:00,0,22
contact\index.html,21,html,52d7dcb9,mtang24,2025-01-09,10:59:06,-08:00,2025-01-09T10:59:06-08:00,0,60
contact\index.html,22,html,52d7dcb9,mtang24,2025-01-09,10:59:06,-08:00,2025-01-09T10:59:06-08:00,0,0
contact\index.html,23,html,52d7dcb9,mtang24,2025-01-09,10:59:06,-08:00,2025-01-09T10:59:06-08:00,0,22
contact\index.html,24,html,52d7dcb9,mtang24,2025-01-09,10:59:06,-08:00,2025-01-09T10:59:06-08:00,0,6
contact\index.html,25,html,52d7dcb9,mtang24,2025-01-09,10:59:06,-08:00,2025-01-09T10:59:06-08:00,0,0
contact\index.html,26,html,734035e3,mtang24,2025-01-24,10:46:03,-08:00,2025-01-24T10:46:03-08:00,0,49
contact\index.html,27,html,fc4e918c,mtang24,2025-01-08,16:20:20,-08:00,2025-01-08T16:20:20-08:00,0,6
contact\index.html,28,html,fc4e918c,mtang24,2025-01-08,16:20:20,-08:00,2025-01-08T16:20:20-08:00,0,6
